Event Name,Country Code,Gold,Silver,Bronze
Olympic Winter Games Beijing 2022,NOR,16,8,13
Olympic Winter Games Beijing 2022,GER,12,10,5
Olympic Winter Games Beijing 2022,USA,9,9,7
Olympic Winter Games Beijing 2022,CHN,9,4,2
Olympic Winter Games Beijing 2022,SWE,8,5,5
Olympic Winter Games Beijing 2022,NED,8,5,4
Olympic Winter Games Beijing 2022,AUT,7,7,4
Olympic Winter Games Beijing 2022,SUI,7,2,6
Olympic Winter Games Beijing 2022,ROC,5,12,15
Olympic Winter Games Beijing 2022,FRA,5,7,2
Olympic Winter Games Beijing 2022,CAN,4,8,14
Olympic Winter Games Beijing 2022,JPN,3,7,8
Olympic Winter Games Beijing 2022,ITA,2,7,8
Olympic Winter Games Beijing 2022,KOR,2,5,2
Olympic Winter Games Beijing 2022,SLO,2,3,2
Olympic Winter Games Beijing 2022,FIN,2,2,4
Olympic Winter Games Beijing 2022,NZL,2,1,0
Olympic Winter Games Beijing 2022,AUS,1,2,1
Olympic Winter Games Beijing 2022,GBR,1,1,0
Olympic Winter Games Beijing 2022,HUN,1,0,2
Olympic Winter Games Beijing 2022,BEL,1,0,1
Olympic Winter Games Beijing 2022,SVK,1,0,1
Olympic Winter Games Beijing 2022,CZE,1,0,1
Olympic Winter Games Beijing 2022,BLR,0,2,0
Olympic Winter Games Beijing 2022,ESP,0,1,0
Olympic Winter Games Beijing 2022,UKR,0,1,0
Olympic Winter Games Beijing 2022,POL,0,0,1
Olympic Winter Games Beijing 2022,LAT,0,0,1
Olympic Winter Games Beijing 2022,EST,0,0,1
Olympic Games Tokyo 2020,USA,39,41,33
Olympic Games Tokyo 2020,CHN,38,32,19
Olympic Games Tokyo 2020,JPN,27,14,17
Olympic Games Tokyo 2020,GBR,22,20,22
Olympic Games Tokyo 2020,ROC,20,28,23
Olympic Games Tokyo 2020,AUS,17,7,22
Olympic Games Tokyo 2020,NED,10,12,14
Olympic Games Tokyo 2020,FRA,10,12,11
Olympic Games Tokyo 2020,GER,10,11,16
Olympic Games Tokyo 2020,ITA,10,10,20
Olympic Games Tokyo 2020,CAN,7,7,10
Olympic Games Tokyo 2020,BRA,7,6,8
Olympic Games Tokyo 2020,NZL,7,6,7
Olympic Games Tokyo 2020,CUB,7,3,5
Olympic Games Tokyo 2020,HUN,6,7,7
Olympic Games Tokyo 2020,KOR,6,4,10
Olympic Games Tokyo 2020,POL,4,5,5
Olympic Games Tokyo 2020,CZE,4,4,3
Olympic Games Tokyo 2020,KEN,4,4,2
Olympic Games Tokyo 2020,NOR,4,2,2
Olympic Games Tokyo 2020,JAM,4,1,4
Olympic Games Tokyo 2020,ESP,3,8,6
Olympic Games Tokyo 2020,SWE,3,6,0
Olympic Games Tokyo 2020,SUI,3,4,6
Olympic Games Tokyo 2020,DEN,3,4,4
Olympic Games Tokyo 2020,CRO,3,3,2
Olympic Games Tokyo 2020,IRI,3,2,2
Olympic Games Tokyo 2020,SRB,3,1,5
Olympic Games Tokyo 2020,BEL,3,1,3
Olympic Games Tokyo 2020,BUL,3,1,2
Olympic Games Tokyo 2020,SLO,3,1,1
Olympic Games Tokyo 2020,UZB,3,0,2
Olympic Games Tokyo 2020,GEO,2,5,1
Olympic Games Tokyo 2020,TPE,2,4,6
Olympic Games Tokyo 2020,TUR,2,2,9
Olympic Games Tokyo 2020,GRE,2,1,1
Olympic Games Tokyo 2020,UGA,2,1,1
Olympic Games Tokyo 2020,ECU,2,1,0
Olympic Games Tokyo 2020,IRL,2,0,2
Olympic Games Tokyo 2020,ISR,2,0,2
Olympic Games Tokyo 2020,QAT,2,0,1
Olympic Games Tokyo 2020,KOS,2,0,0
Olympic Games Tokyo 2020,BAH,2,0,0
Olympic Games Tokyo 2020,UKR,1,6,12
Olympic Games Tokyo 2020,BLR,1,3,3
Olympic Games Tokyo 2020,ROU,1,3,0
Olympic Games Tokyo 2020,VEN,1,3,0
Olympic Games Tokyo 2020,IND,1,2,4
Olympic Games Tokyo 2020,HKG,1,2,3
Olympic Games Tokyo 2020,PHI,1,2,1
Olympic Games Tokyo 2020,SVK,1,2,1
Olympic Games Tokyo 2020,RSA,1,2,0
Olympic Games Tokyo 2020,AUT,1,1,5
Olympic Games Tokyo 2020,EGY,1,1,4
Olympic Games Tokyo 2020,INA,1,1,3
Olympic Games Tokyo 2020,POR,1,1,2
Olympic Games Tokyo 2020,ETH,1,1,2
Olympic Games Tokyo 2020,TUN,1,1,0
Olympic Games Tokyo 2020,THA,1,0,1
Olympic Games Tokyo 2020,LAT,1,0,1
Olympic Games Tokyo 2020,FIJ,1,0,1
Olympic Games Tokyo 2020,EST,1,0,1
Olympic Games Tokyo 2020,BER,1,0,0
Olympic Games Tokyo 2020,PUR,1,0,0
Olympic Games Tokyo 2020,MAR,1,0,0
Olympic Games Tokyo 2020,COL,0,4,1
Olympic Games Tokyo 2020,AZE,0,3,4
Olympic Games Tokyo 2020,DOM,0,3,2
Olympic Games Tokyo 2020,ARM,0,2,2
Olympic Games Tokyo 2020,KGZ,0,2,1
Olympic Games Tokyo 2020,MGL,0,1,3
Olympic Games Tokyo 2020,SMR,0,1,2
Olympic Games Tokyo 2020,ARG,0,1,2
Olympic Games Tokyo 2020,MAS,0,1,1
Olympic Games Tokyo 2020,NGR,0,1,1
Olympic Games Tokyo 2020,JOR,0,1,1
Olympic Games Tokyo 2020,TKM,0,1,0
Olympic Games Tokyo 2020,KSA,0,1,0
Olympic Games Tokyo 2020,MKD,0,1,0
Olympic Games Tokyo 2020,BRN,0,1,0
Olympic Games Tokyo 2020,NAM,0,1,0
Olympic Games Tokyo 2020,LTU,0,1,0
Olympic Games Tokyo 2020,KAZ,0,0,8
Olympic Games Tokyo 2020,MEX,0,0,4
Olympic Games Tokyo 2020,FIN,0,0,2
Olympic Games Tokyo 2020,GHA,0,0,1
Olympic Games Tokyo 2020,SYR,0,0,1
Olympic Games Tokyo 2020,KUW,0,0,1
Olympic Games Tokyo 2020,CIV,0,0,1
Olympic Games Tokyo 2020,GRN,0,0,1
Olympic Games Tokyo 2020,BUR,0,0,1
Olympic Games Tokyo 2020,BOT,0,0,1
Olympic Games Tokyo 2020,MDA,0,0,1
Olympic Winter Games PyeongChang 2018,NOR,14,14,11
Olympic Winter Games PyeongChang 2018,GER,14,10,7
Olympic Winter Games PyeongChang 2018,CAN,11,8,10
Olympic Winter Games PyeongChang 2018,USA,9,8,6
Olympic Winter Games PyeongChang 2018,NED,8,6,6
Olympic Winter Games PyeongChang 2018,SWE,7,6,1
Olympic Winter Games PyeongChang 2018,KOR,5,8,4
Olympic Winter Games PyeongChang 2018,SUI,5,6,4
Olympic Winter Games PyeongChang 2018,FRA,5,4,6
Olympic Winter Games PyeongChang 2018,AUT,5,3,6
Olympic Winter Games PyeongChang 2018,JPN,4,5,4
Olympic Winter Games PyeongChang 2018,ITA,3,2,5
Olympic Winter Games PyeongChang 2018,OAR,2,6,9
Olympic Winter Games PyeongChang 2018,CZE,2,2,3
Olympic Winter Games PyeongChang 2018,BLR,2,1,0
Olympic Winter Games PyeongChang 2018,CHN,1,6,2
Olympic Winter Games PyeongChang 2018,SVK,1,2,0
Olympic Winter Games PyeongChang 2018,FIN,1,1,4
Olympic Winter Games PyeongChang 2018,GBR,1,0,4
Olympic Winter Games PyeongChang 2018,POL,1,0,1
Olympic Winter Games PyeongChang 2018,HUN,1,0,0
Olympic Winter Games PyeongChang 2018,UKR,1,0,0
Olympic Winter Games PyeongChang 2018,AUS,0,2,1
Olympic Winter Games PyeongChang 2018,SLO,0,1,1
Olympic Winter Games PyeongChang 2018,BEL,0,1,0
Olympic Winter Games PyeongChang 2018,ESP,0,0,2
Olympic Winter Games PyeongChang 2018,NZL,0,0,2
Olympic Winter Games PyeongChang 2018,LIE,0,0,1
Olympic Winter Games PyeongChang 2018,LAT,0,0,1
Olympic Winter Games PyeongChang 2018,KAZ,0,0,1
Olympic Games Rio 2016,USA,46,37,38
Olympic Games Rio 2016,GBR,27,23,17
Olympic Games Rio 2016,CHN,26,18,26
Olympic Games Rio 2016,RUS,19,17,20
Olympic Games Rio 2016,GER,17,10,15
Olympic Games Rio 2016,JPN,12,8,21
Olympic Games Rio 2016,FRA,10,18,14
Olympic Games Rio 2016,KOR,9,3,9
Olympic Games Rio 2016,ITA,8,12,8
Olympic Games Rio 2016,AUS,8,11,10
Olympic Games Rio 2016,NED,8,7,4
Olympic Games Rio 2016,HUN,8,3,4
Olympic Games Rio 2016,BRA,7,6,6
Olympic Games Rio 2016,ESP,7,4,6
Olympic Games Rio 2016,KEN,6,6,1
Olympic Games Rio 2016,JAM,6,3,2
Olympic Games Rio 2016,CRO,5,3,2
Olympic Games Rio 2016,CUB,5,2,4
Olympic Games Rio 2016,NZL,4,9,5
Olympic Games Rio 2016,CAN,4,3,15
Olympic Games Rio 2016,UZB,4,2,7
Olympic Games Rio 2016,COL,3,2,3
Olympic Games Rio 2016,SUI,3,2,2
Olympic Games Rio 2016,IRI,3,1,4
Olympic Games Rio 2016,GRE,3,1,2
Olympic Games Rio 2016,ARG,3,1,0
Olympic Games Rio 2016,DEN,2,6,7
Olympic Games Rio 2016,SWE,2,6,3
Olympic Games Rio 2016,RSA,2,6,2
Olympic Games Rio 2016,KAZ,2,5,10
Olympic Games Rio 2016,UKR,2,5,4
Olympic Games Rio 2016,SRB,2,4,2
Olympic Games Rio 2016,POL,2,3,6
Olympic Games Rio 2016,PRK,2,3,2
Olympic Games Rio 2016,THA,2,2,2
Olympic Games Rio 2016,BEL,2,2,2
Olympic Games Rio 2016,SVK,2,2,0
Olympic Games Rio 2016,GEO,2,1,4
Olympic Games Rio 2016,AZE,1,7,10
Olympic Games Rio 2016,BLR,1,4,4
Olympic Games Rio 2016,TUR,1,3,4
Olympic Games Rio 2016,ARM,1,3,0
Olympic Games Rio 2016,CZE,1,2,7
Olympic Games Rio 2016,ETH,1,2,5
Olympic Games Rio 2016,SLO,1,2,1
Olympic Games Rio 2016,INA,1,2,0
Olympic Games Rio 2016,ROU,1,1,2
Olympic Games Rio 2016,VIE,1,1,0
Olympic Games Rio 2016,BRN,1,1,0
Olympic Games Rio 2016,TPE,1,0,2
Olympic Games Rio 2016,CIV,1,0,1
Olympic Games Rio 2016,IOA,1,0,1
Olympic Games Rio 2016,BAH,1,0,1
Olympic Games Rio 2016,JOR,1,0,0
Olympic Games Rio 2016,SGP,1,0,0
Olympic Games Rio 2016,PUR,1,0,0
Olympic Games Rio 2016,TJK,1,0,0
Olympic Games Rio 2016,FIJ,1,0,0
Olympic Games Rio 2016,KOS,1,0,0
Olympic Games Rio 2016,MAS,0,4,1
Olympic Games Rio 2016,MEX,0,3,2
Olympic Games Rio 2016,VEN,0,2,1
Olympic Games Rio 2016,IRL,0,2,0
Olympic Games Rio 2016,ALG,0,2,0
Olympic Games Rio 2016,LTU,0,1,3
Olympic Games Rio 2016,BUL,0,1,2
Olympic Games Rio 2016,IND,0,1,1
Olympic Games Rio 2016,MGL,0,1,1
Olympic Games Rio 2016,PHI,0,1,0
Olympic Games Rio 2016,NIG,0,1,0
Olympic Games Rio 2016,GRN,0,1,0
Olympic Games Rio 2016,QAT,0,1,0
Olympic Games Rio 2016,BDI,0,1,0
Olympic Games Rio 2016,NOR,0,0,4
Olympic Games Rio 2016,EGY,0,0,3
Olympic Games Rio 2016,TUN,0,0,3
Olympic Games Rio 2016,ISR,0,0,2
Olympic Games Rio 2016,NGR,0,0,1
Olympic Games Rio 2016,AUT,0,0,1
Olympic Games Rio 2016,DOM,0,0,1
Olympic Games Rio 2016,EST,0,0,1
Olympic Games Rio 2016,MAR,0,0,1
Olympic Games Rio 2016,FIN,0,0,1
Olympic Games Rio 2016,TTO,0,0,1
Olympic Games Rio 2016,UAE,0,0,1
Olympic Games Rio 2016,POR,0,0,1
Olympic Winter Games Sochi 2014,NOR,11,6,9
Olympic Winter Games Sochi 2014,RUS,10,10,9
Olympic Winter Games Sochi 2014,CAN,10,10,5
Olympic Winter Games Sochi 2014,USA,9,9,10
Olympic Winter Games Sochi 2014,NED,8,7,9
Olympic Winter Games Sochi 2014,GER,8,6,5
Olympic Winter Games Sochi 2014,SUI,7,2,2
Olympic Winter Games Sochi 2014,BLR,5,0,1
Olympic Winter Games Sochi 2014,AUT,4,8,5
Olympic Winter Games Sochi 2014,FRA,4,4,7
Olympic Winter Games Sochi 2014,POL,4,1,1
Olympic Winter Games Sochi 2014,CHN,3,4,2
Olympic Winter Games Sochi 2014,KOR,3,3,2
Olympic Winter Games Sochi 2014,SWE,2,7,6
Olympic Winter Games Sochi 2014,CZE,2,4,3
Olympic Winter Games Sochi 2014,SLO,2,2,4
Olympic Winter Games Sochi 2014,JPN,1,4,3
Olympic Winter Games Sochi 2014,FIN,1,3,1
Olympic Winter Games Sochi 2014,LAT,1,1,3
Olympic Winter Games Sochi 2014,GBR,1,1,3
Olympic Winter Games Sochi 2014,UKR,1,0,1
Olympic Winter Games Sochi 2014,SVK,1,0,0
Olympic Winter Games Sochi 2014,ITA,0,2,6
Olympic Winter Games Sochi 2014,AUS,0,2,1
Olympic Winter Games Sochi 2014,CRO,0,1,0
Olympic Winter Games Sochi 2014,KAZ,0,0,1
Olympic Games London 2012,USA,48,26,30
Olympic Games London 2012,CHN,39,31,22
Olympic Games London 2012,GBR,29,18,18
Olympic Games London 2012,RUS,18,21,26
Olympic Games London 2012,KOR,13,9,9
Olympic Games London 2012,GER,11,20,13
Olympic Games London 2012,FRA,11,11,13
Olympic Games London 2012,AUS,8,15,12
Olympic Games London 2012,ITA,8,9,11
Olympic Games London 2012,HUN,8,4,6
Olympic Games London 2012,JPN,7,14,17
Olympic Games London 2012,IRI,7,5,1
Olympic Games London 2012,NED,6,6,8
Olympic Games London 2012,NZL,6,2,5
Olympic Games London 2012,UKR,5,4,10
Olympic Games London 2012,CUB,5,3,7
Olympic Games London 2012,ESP,4,10,6
Olympic Games London 2012,JAM,4,5,4
Olympic Games London 2012,CZE,4,4,3
Olympic Games London 2012,RSA,4,1,1
Olympic Games London 2012,PRK,4,0,2
Olympic Games London 2012,BRA,3,5,9
Olympic Games London 2012,POL,3,2,6
Olympic Games London 2012,ETH,3,2,3
Olympic Games London 2012,KAZ,3,1,7
Olympic Games London 2012,CRO,3,1,2
Olympic Games London 2012,CAN,2,6,10
Olympic Games London 2012,BLR,2,5,3
Olympic Games London 2012,KEN,2,4,7
Olympic Games London 2012,DEN,2,4,3
Olympic Games London 2012,ROU,2,4,1
Olympic Games London 2012,AZE,2,2,5
Olympic Games London 2012,SUI,2,2,0
Olympic Games London 2012,NOR,2,1,1
Olympic Games London 2012,LTU,2,0,3
Olympic Games London 2012,TUN,2,0,1
Olympic Games London 2012,SWE,1,4,3
Olympic Games London 2012,COL,1,3,5
Olympic Games London 2012,MEX,1,3,4
Olympic Games London 2012,GEO,1,2,3
Olympic Games London 2012,IRL,1,1,4
Olympic Games London 2012,ARG,1,1,2
Olympic Games London 2012,SLO,1,1,2
Olympic Games London 2012,SRB,1,1,2
Olympic Games London 2012,TTO,1,1,2
Olympic Games London 2012,TUR,1,1,1
Olympic Games London 2012,DOM,1,1,0
Olympic Games London 2012,TPE,1,0,1
Olympic Games London 2012,LAT,1,0,1
Olympic Games London 2012,VEN,1,0,0
Olympic Games London 2012,ALG,1,0,0
Olympic Games London 2012,GRN,1,0,0
Olympic Games London 2012,BAH,1,0,0
Olympic Games London 2012,UGA,1,0,0
Olympic Games London 2012,BRN,1,0,0
Olympic Games London 2012,EGY,0,3,1
Olympic Games London 2012,IND,0,2,4
Olympic Games London 2012,MGL,0,2,3
Olympic Games London 2012,THA,0,2,2
Olympic Games London 2012,BUL,0,2,1
Olympic Games London 2012,FIN,0,2,1
Olympic Games London 2012,INA,0,2,1
Olympic Games London 2012,SVK,0,1,3
Olympic Games London 2012,BEL,0,1,2
Olympic Games London 2012,MAS,0,1,1
Olympic Games London 2012,QAT,0,1,1
Olympic Games London 2012,PUR,0,1,1
Olympic Games London 2012,EST,0,1,1
Olympic Games London 2012,ARM,0,1,1
Olympic Games London 2012,MNE,0,1,0
Olympic Games London 2012,CYP,0,1,0
Olympic Games London 2012,GUA,0,1,0
Olympic Games London 2012,BOT,0,1,0
Olympic Games London 2012,GAB,0,1,0
Olympic Games London 2012,POR,0,1,0
Olympic Games London 2012,UZB,0,0,3
Olympic Games London 2012,GRE,0,0,2
Olympic Games London 2012,SGP,0,0,2
Olympic Games London 2012,TJK,0,0,1
Olympic Games London 2012,KSA,0,0,1
Olympic Games London 2012,KUW,0,0,1
Olympic Games London 2012,MAR,0,0,1
Olympic Games London 2012,AFG,0,0,1
Olympic Games London 2012,HKG,0,0,1
Olympic Games London 2012,VIE,0,0,1
Olympic Games London 2012,CMR,0,0,1
Olympic Winter Games Vancouver 2010,CAN,14,7,5
Olympic Winter Games Vancouver 2010,GER,10,13,7
Olympic Winter Games Vancouver 2010,USA,9,15,13
Olympic Winter Games Vancouver 2010,NOR,9,8,6
Olympic Winter Games Vancouver 2010,KOR,6,6,2
Olympic Winter Games Vancouver 2010,SUI,6,0,3
Olympic Winter Games Vancouver 2010,CHN,5,2,4
Olympic Winter Games Vancouver 2010,SWE,5,2,4
Olympic Winter Games Vancouver 2010,AUT,4,6,6
Olympic Winter Games Vancouver 2010,NED,4,1,3
Olympic Winter Games Vancouver 2010,RUS,3,5,7
Olympic Winter Games Vancouver 2010,FRA,2,3,6
Olympic Winter Games Vancouver 2010,AUS,2,1,0
Olympic Winter Games Vancouver 2010,CZE,2,0,4
Olympic Winter Games Vancouver 2010,POL,1,3,2
Olympic Winter Games Vancouver 2010,ITA,1,1,3
Olympic Winter Games Vancouver 2010,BLR,1,1,1
Olympic Winter Games Vancouver 2010,SVK,1,1,1
Olympic Winter Games Vancouver 2010,GBR,1,0,0
Olympic Winter Games Vancouver 2010,JPN,0,3,2
Olympic Winter Games Vancouver 2010,SLO,0,2,1
Olympic Winter Games Vancouver 2010,CRO,0,2,1
Olympic Winter Games Vancouver 2010,LAT,0,2,0
Olympic Winter Games Vancouver 2010,FIN,0,1,4
Olympic Winter Games Vancouver 2010,EST,0,1,0
Olympic Winter Games Vancouver 2010,KAZ,0,1,0
Olympic Games Beijing 2008,CHN,48,22,30
Olympic Games Beijing 2008,USA,36,39,37
Olympic Games Beijing 2008,RUS,24,13,23
Olympic Games Beijing 2008,GBR,19,13,19
Olympic Games Beijing 2008,GER,16,11,14
Olympic Games Beijing 2008,AUS,14,15,17
Olympic Games Beijing 2008,KOR,13,11,8
Olympic Games Beijing 2008,JPN,9,8,8
Olympic Games Beijing 2008,ITA,8,9,10
Olympic Games Beijing 2008,FRA,7,16,20
Olympic Games Beijing 2008,NED,7,5,4
Olympic Games Beijing 2008,UKR,7,4,11
Olympic Games Beijing 2008,KEN,6,4,6
Olympic Games Beijing 2008,ESP,5,11,3
Olympic Games Beijing 2008,JAM,5,4,2
Olympic Games Beijing 2008,POL,4,5,2
Olympic Games Beijing 2008,ETH,4,2,1
Olympic Games Beijing 2008,ROU,4,1,4
Olympic Games Beijing 2008,CUB,3,10,17
Olympic Games Beijing 2008,CAN,3,9,8
Olympic Games Beijing 2008,HUN,3,5,2
Olympic Games Beijing 2008,NOR,3,5,1
Olympic Games Beijing 2008,BRA,3,4,10
Olympic Games Beijing 2008,BLR,3,4,7
Olympic Games Beijing 2008,CZE,3,3,1
Olympic Games Beijing 2008,SVK,3,3,0
Olympic Games Beijing 2008,NZL,3,2,4
Olympic Games Beijing 2008,GEO,3,2,2
Olympic Games Beijing 2008,KAZ,2,3,4
Olympic Games Beijing 2008,DEN,2,2,3
Olympic Games Beijing 2008,PRK,2,2,2
Olympic Games Beijing 2008,THA,2,2,2
Olympic Games Beijing 2008,MGL,2,2,0
Olympic Games Beijing 2008,SUI,2,1,4
Olympic Games Beijing 2008,ARG,2,0,4
Olympic Games Beijing 2008,MEX,2,0,2
Olympic Games Beijing 2008,BEL,2,0,0
Olympic Games Beijing 2008,ZIM,1,3,0
Olympic Games Beijing 2008,SLO,1,2,2
Olympic Games Beijing 2008,INA,1,1,4
Olympic Games Beijing 2008,AZE,1,1,4
Olympic Games Beijing 2008,TUR,1,1,3
Olympic Games Beijing 2008,BUL,1,1,3
Olympic Games Beijing 2008,FIN,1,1,2
Olympic Games Beijing 2008,TPE,1,1,2
Olympic Games Beijing 2008,LAT,1,1,1
Olympic Games Beijing 2008,POR,1,1,0
Olympic Games Beijing 2008,TTO,1,1,0
Olympic Games Beijing 2008,EST,1,1,0
Olympic Games Beijing 2008,DOM,1,1,0
Olympic Games Beijing 2008,IND,1,0,2
Olympic Games Beijing 2008,IRI,1,0,1
Olympic Games Beijing 2008,PAN,1,0,0
Olympic Games Beijing 2008,CMR,1,0,0
Olympic Games Beijing 2008,TUN,1,0,0
Olympic Games Beijing 2008,SWE,0,4,1
Olympic Games Beijing 2008,LTU,0,3,2
Olympic Games Beijing 2008,NGR,0,3,2
Olympic Games Beijing 2008,CRO,0,2,3
Olympic Games Beijing 2008,COL,0,2,1
Olympic Games Beijing 2008,GRE,0,2,1
Olympic Games Beijing 2008,ARM,0,1,4
Olympic Games Beijing 2008,UZB,0,1,3
Olympic Games Beijing 2008,KGZ,0,1,2
Olympic Games Beijing 2008,SRB,0,1,2
Olympic Games Beijing 2008,AUT,0,1,2
Olympic Games Beijing 2008,IRL,0,1,2
Olympic Games Beijing 2008,TJK,0,1,1
Olympic Games Beijing 2008,BAH,0,1,1
Olympic Games Beijing 2008,MAR,0,1,1
Olympic Games Beijing 2008,ALG,0,1,1
Olympic Games Beijing 2008,MAS,0,1,0
Olympic Games Beijing 2008,ECU,0,1,0
Olympic Games Beijing 2008,SUD,0,1,0
Olympic Games Beijing 2008,RSA,0,1,0
Olympic Games Beijing 2008,VIE,0,1,0
Olympic Games Beijing 2008,SAM,0,1,0
Olympic Games Beijing 2008,SGP,0,1,0
Olympic Games Beijing 2008,ISL,0,1,0
Olympic Games Beijing 2008,CHI,0,1,0
Olympic Games Beijing 2008,EGY,0,0,2
Olympic Games Beijing 2008,ISR,0,0,1
Olympic Games Beijing 2008,VEN,0,0,1
Olympic Games Beijing 2008,AFG,0,0,1
Olympic Games Beijing 2008,TOG,0,0,1
Olympic Games Beijing 2008,MDA,0,0,1
Olympic Games Beijing 2008,MRI,0,0,1
Olympic Winter Games Turin 2006,GER,11,12,6
Olympic Winter Games Turin 2006,USA,9,9,7
Olympic Winter Games Turin 2006,AUT,9,7,7
Olympic Winter Games Turin 2006,RUS,8,6,8
Olympic Winter Games Turin 2006,CAN,7,10,7
Olympic Winter Games Turin 2006,SWE,7,2,5
Olympic Winter Games Turin 2006,KOR,6,3,2
Olympic Winter Games Turin 2006,SUI,5,4,5
Olympic Winter Games Turin 2006,ITA,5,0,6
Olympic Winter Games Turin 2006,FRA,3,2,4
Olympic Winter Games Turin 2006,NED,3,2,4
Olympic Winter Games Turin 2006,EST,3,0,0
Olympic Winter Games Turin 2006,NOR,2,8,9
Olympic Winter Games Turin 2006,CHN,2,4,5
Olympic Winter Games Turin 2006,CZE,1,2,1
Olympic Winter Games Turin 2006,CRO,1,2,0
Olympic Winter Games Turin 2006,AUS,1,0,1
Olympic Winter Games Turin 2006,JPN,1,0,0
Olympic Winter Games Turin 2006,FIN,0,6,3
Olympic Winter Games Turin 2006,POL,0,1,1
Olympic Winter Games Turin 2006,BLR,0,1,0
Olympic Winter Games Turin 2006,BUL,0,1,0
Olympic Winter Games Turin 2006,SVK,0,1,0
Olympic Winter Games Turin 2006,GBR,0,1,0
Olympic Winter Games Turin 2006,UKR,0,0,2
Olympic Winter Games Turin 2006,LAT,0,0,1
Olympic Games Athens 2004,USA,36,39,26
Olympic Games Athens 2004,CHN,32,17,14
Olympic Games Athens 2004,RUS,28,26,36
Olympic Games Athens 2004,AUS,17,16,17
Olympic Games Athens 2004,JPN,16,9,12
Olympic Games Athens 2004,GER,13,16,20
Olympic Games Athens 2004,FRA,11,9,13
Olympic Games Athens 2004,ITA,10,11,11
Olympic Games Athens 2004,KOR,9,12,9
Olympic Games Athens 2004,GBR,9,9,12
Olympic Games Athens 2004,CUB,9,7,11
Olympic Games Athens 2004,HUN,8,6,3
Olympic Games Athens 2004,UKR,8,5,9
Olympic Games Athens 2004,ROU,8,5,6
Olympic Games Athens 2004,GRE,6,6,4
Olympic Games Athens 2004,BRA,5,2,3
Olympic Games Athens 2004,NOR,5,0,1
Olympic Games Athens 2004,NED,4,9,9
Olympic Games Athens 2004,SWE,4,2,1
Olympic Games Athens 2004,ESP,3,11,6
Olympic Games Athens 2004,CAN,3,6,3
Olympic Games Athens 2004,TUR,3,3,4
Olympic Games Athens 2004,POL,3,2,5
Olympic Games Athens 2004,NZL,3,2,0
Olympic Games Athens 2004,THA,3,1,4
Olympic Games Athens 2004,BLR,2,5,6
Olympic Games Athens 2004,AUT,2,4,1
Olympic Games Athens 2004,ETH,2,3,2
Olympic Games Athens 2004,SVK,2,2,2
Olympic Games Athens 2004,IRI,2,2,2
Olympic Games Athens 2004,TPE,2,2,1
Olympic Games Athens 2004,GEO,2,2,0
Olympic Games Athens 2004,BUL,2,1,9
Olympic Games Athens 2004,DEN,2,1,5
Olympic Games Athens 2004,JAM,2,1,2
Olympic Games Athens 2004,UZB,2,1,2
Olympic Games Athens 2004,MAR,2,1,0
Olympic Games Athens 2004,ARG,2,0,4
Olympic Games Athens 2004,CHI,2,0,1
Olympic Games Athens 2004,KAZ,1,4,3
Olympic Games Athens 2004,KEN,1,4,2
Olympic Games Athens 2004,CZE,1,3,5
Olympic Games Athens 2004,RSA,1,3,2
Olympic Games Athens 2004,CRO,1,2,2
Olympic Games Athens 2004,LTU,1,2,0
Olympic Games Athens 2004,SUI,1,1,3
Olympic Games Athens 2004,EGY,1,1,3
Olympic Games Athens 2004,INA,1,1,2
Olympic Games Athens 2004,ZIM,1,1,1
Olympic Games Athens 2004,AZE,1,0,4
Olympic Games Athens 2004,BEL,1,0,2
Olympic Games Athens 2004,ISR,1,0,1
Olympic Games Athens 2004,BAH,1,0,1
Olympic Games Athens 2004,DOM,1,0,0
Olympic Games Athens 2004,CMR,1,0,0
Olympic Games Athens 2004,UAE,1,0,0
Olympic Games Athens 2004,PRK,0,4,1
Olympic Games Athens 2004,LAT,0,4,0
Olympic Games Athens 2004,MEX,0,3,1
Olympic Games Athens 2004,POR,0,2,1
Olympic Games Athens 2004,SCG,0,2,0
Olympic Games Athens 2004,FIN,0,2,0
Olympic Games Athens 2004,SLO,0,1,3
Olympic Games Athens 2004,EST,0,1,2
Olympic Games Athens 2004,IND,0,1,0
Olympic Games Athens 2004,PAR,0,1,0
Olympic Games Athens 2004,HKG,0,1,0
Olympic Games Athens 2004,COL,0,0,2
Olympic Games Athens 2004,NGR,0,0,2
Olympic Games Athens 2004,VEN,0,0,2
Olympic Games Athens 2004,MGL,0,0,1
Olympic Games Athens 2004,ERI,0,0,1
Olympic Games Athens 2004,SYR,0,0,1
Olympic Games Athens 2004,TTO,0,0,1
Olympic Winter Games Salt Lake City 2002,NOR,13,5,7
Olympic Winter Games Salt Lake City 2002,GER,12,16,8
Olympic Winter Games Salt Lake City 2002,USA,10,13,11
Olympic Winter Games Salt Lake City 2002,CAN,7,3,7
Olympic Winter Games Salt Lake City 2002,RUS,5,4,4
Olympic Winter Games Salt Lake City 2002,FRA,4,5,2
Olympic Winter Games Salt Lake City 2002,ITA,4,4,5
Olympic Winter Games Salt Lake City 2002,FIN,4,2,1
Olympic Winter Games Salt Lake City 2002,NED,3,5,0
Olympic Winter Games Salt Lake City 2002,AUT,3,4,10
Olympic Winter Games Salt Lake City 2002,SUI,3,2,6
Olympic Winter Games Salt Lake City 2002,CRO,3,1,0
Olympic Winter Games Salt Lake City 2002,CHN,2,2,4
Olympic Winter Games Salt Lake City 2002,KOR,2,2,0
Olympic Winter Games Salt Lake City 2002,AUS,2,0,0
Olympic Winter Games Salt Lake City 2002,CZE,1,2,0
Olympic Winter Games Salt Lake City 2002,EST,1,1,1
Olympic Winter Games Salt Lake City 2002,GBR,1,0,1
Olympic Winter Games Salt Lake City 2002,SWE,0,2,5
Olympic Winter Games Salt Lake City 2002,BUL,0,1,2
Olympic Winter Games Salt Lake City 2002,JPN,0,1,1
Olympic Winter Games Salt Lake City 2002,POL,0,1,1
Olympic Winter Games Salt Lake City 2002,BLR,0,0,1
Olympic Winter Games Salt Lake City 2002,SLO,0,0,1
Olympic Games Sydney 2000,USA,37,24,32
Olympic Games Sydney 2000,RUS,32,28,29
Olympic Games Sydney 2000,CHN,28,16,14
Olympic Games Sydney 2000,AUS,16,25,17
Olympic Games Sydney 2000,GER,13,17,26
Olympic Games Sydney 2000,FRA,13,14,11
Olympic Games Sydney 2000,ITA,13,8,13
Olympic Games Sydney 2000,NED,12,9,4
Olympic Games Sydney 2000,CUB,11,11,7
Olympic Games Sydney 2000,GBR,11,10,7
Olympic Games Sydney 2000,ROU,11,6,9
Olympic Games Sydney 2000,KOR,8,10,10
Olympic Games Sydney 2000,HUN,8,6,3
Olympic Games Sydney 2000,POL,6,5,3
Olympic Games Sydney 2000,JPN,5,8,5
Olympic Games Sydney 2000,BUL,5,6,2
Olympic Games Sydney 2000,GRE,4,6,3
Olympic Games Sydney 2000,SWE,4,5,3
Olympic Games Sydney 2000,NOR,4,3,3
Olympic Games Sydney 2000,ETH,4,1,3
Olympic Games Sydney 2000,UKR,3,10,10
Olympic Games Sydney 2000,KAZ,3,4,0
Olympic Games Sydney 2000,BLR,3,3,11
Olympic Games Sydney 2000,CAN,3,3,8
Olympic Games Sydney 2000,ESP,3,3,5
Olympic Games Sydney 2000,TUR,3,0,2
Olympic Games Sydney 2000,IRI,3,0,1
Olympic Games Sydney 2000,CZE,2,3,3
Olympic Games Sydney 2000,KEN,2,3,2
Olympic Games Sydney 2000,DEN,2,3,1
Olympic Games Sydney 2000,FIN,2,1,1
Olympic Games Sydney 2000,AUT,2,1,0
Olympic Games Sydney 2000,LTU,2,0,3
Olympic Games Sydney 2000,AZE,2,0,1
Olympic Games Sydney 2000,BAH,2,0,1
Olympic Games Sydney 2000,SLO,2,0,0
Olympic Games Sydney 2000,SUI,1,6,2
Olympic Games Sydney 2000,INA,1,3,2
Olympic Games Sydney 2000,SVK,1,3,1
Olympic Games Sydney 2000,MEX,1,2,3
Olympic Games Sydney 2000,NGR,1,2,0
Olympic Games Sydney 2000,ALG,1,1,3
Olympic Games Sydney 2000,UZB,1,1,2
Olympic Games Sydney 2000,LAT,1,1,1
Olympic Games Sydney 2000,SCG,1,1,1
Olympic Games Sydney 2000,NZL,1,0,3
Olympic Games Sydney 2000,THA,1,0,2
Olympic Games Sydney 2000,EST,1,0,2
Olympic Games Sydney 2000,CRO,1,0,1
Olympic Games Sydney 2000,MOZ,1,0,0
Olympic Games Sydney 2000,COL,1,0,0
Olympic Games Sydney 2000,CMR,1,0,0
Olympic Games Sydney 2000,BRA,0,6,6
Olympic Games Sydney 2000,JAM,0,6,3
Olympic Games Sydney 2000,BEL,0,2,3
Olympic Games Sydney 2000,RSA,0,2,3
Olympic Games Sydney 2000,ARG,0,2,2
Olympic Games Sydney 2000,MAR,0,1,4
Olympic Games Sydney 2000,TPE,0,1,4
Olympic Games Sydney 2000,PRK,0,1,3
Olympic Games Sydney 2000,MDA,0,1,1
Olympic Games Sydney 2000,KSA,0,1,1
Olympic Games Sydney 2000,TTO,0,1,1
Olympic Games Sydney 2000,SRI,0,1,0
Olympic Games Sydney 2000,IRL,0,1,0
Olympic Games Sydney 2000,VIE,0,1,0
Olympic Games Sydney 2000,URU,0,1,0
Olympic Games Sydney 2000,GEO,0,0,6
Olympic Games Sydney 2000,POR,0,0,2
Olympic Games Sydney 2000,CRC,0,0,2
Olympic Games Sydney 2000,ISL,0,0,1
Olympic Games Sydney 2000,BAR,0,0,1
Olympic Games Sydney 2000,MKD,0,0,1
Olympic Games Sydney 2000,KGZ,0,0,1
Olympic Games Sydney 2000,KUW,0,0,1
Olympic Games Sydney 2000,QAT,0,0,1
Olympic Games Sydney 2000,ARM,0,0,1
Olympic Games Sydney 2000,IND,0,0,1
Olympic Games Sydney 2000,CHI,0,0,1
Olympic Games Sydney 2000,ISR,0,0,1
Olympic Winter Games Nagano 1998,GER,12,9,8
Olympic Winter Games Nagano 1998,NOR,10,10,5
Olympic Winter Games Nagano 1998,RUS,9,6,3
Olympic Winter Games Nagano 1998,CAN,6,5,4
Olympic Winter Games Nagano 1998,USA,6,3,4
Olympic Winter Games Nagano 1998,NED,5,4,2
Olympic Winter Games Nagano 1998,JPN,5,1,4
Olympic Winter Games Nagano 1998,AUT,3,5,9
Olympic Winter Games Nagano 1998,KOR,3,1,2
Olympic Winter Games Nagano 1998,ITA,2,6,2
Olympic Winter Games Nagano 1998,FIN,2,4,6
Olympic Winter Games Nagano 1998,SUI,2,2,3
Olympic Winter Games Nagano 1998,FRA,2,1,5
Olympic Winter Games Nagano 1998,CZE,1,1,1
Olympic Winter Games Nagano 1998,BUL,1,0,0
Olympic Winter Games Nagano 1998,CHN,0,6,2
Olympic Winter Games Nagano 1998,SWE,0,2,1
Olympic Winter Games Nagano 1998,UKR,0,1,0
Olympic Winter Games Nagano 1998,DEN,0,1,0
Olympic Winter Games Nagano 1998,BLR,0,0,2
Olympic Winter Games Nagano 1998,KAZ,0,0,2
Olympic Winter Games Nagano 1998,BEL,0,0,1
Olympic Winter Games Nagano 1998,AUS,0,0,1
Olympic Winter Games Nagano 1998,GBR,0,0,1
Olympic Games Atlanta 1996,USA,44,32,25
Olympic Games Atlanta 1996,RUS,26,21,16
Olympic Games Atlanta 1996,GER,20,18,27
Olympic Games Atlanta 1996,CHN,16,22,12
Olympic Games Atlanta 1996,FRA,15,7,15
Olympic Games Atlanta 1996,ITA,13,10,12
Olympic Games Atlanta 1996,AUS,9,9,23
Olympic Games Atlanta 1996,CUB,9,8,8
Olympic Games Atlanta 1996,UKR,9,2,12
Olympic Games Atlanta 1996,KOR,7,15,5
Olympic Games Atlanta 1996,POL,7,5,5
Olympic Games Atlanta 1996,HUN,7,4,10
Olympic Games Atlanta 1996,ESP,5,6,6
Olympic Games Atlanta 1996,ROU,4,7,9
Olympic Games Atlanta 1996,NED,4,5,10
Olympic Games Atlanta 1996,GRE,4,4,0
Olympic Games Atlanta 1996,CZE,4,3,4
Olympic Games Atlanta 1996,SUI,4,3,0
Olympic Games Atlanta 1996,TUR,4,1,1
Olympic Games Atlanta 1996,DEN,4,1,1
Olympic Games Atlanta 1996,CAN,3,11,8
Olympic Games Atlanta 1996,BUL,3,7,5
Olympic Games Atlanta 1996,JPN,3,6,5
Olympic Games Atlanta 1996,KAZ,3,4,4
Olympic Games Atlanta 1996,BRA,3,3,9
Olympic Games Atlanta 1996,NZL,3,2,1
Olympic Games Atlanta 1996,RSA,3,1,1
Olympic Games Atlanta 1996,IRL,3,0,1
Olympic Games Atlanta 1996,SWE,2,4,2
Olympic Games Atlanta 1996,NOR,2,2,3
Olympic Games Atlanta 1996,BEL,2,2,2
Olympic Games Atlanta 1996,NGR,2,1,3
Olympic Games Atlanta 1996,PRK,2,1,2
Olympic Games Atlanta 1996,ALG,2,0,1
Olympic Games Atlanta 1996,ETH,2,0,1
Olympic Games Atlanta 1996,GBR,1,8,6
Olympic Games Atlanta 1996,BLR,1,6,8
Olympic Games Atlanta 1996,KEN,1,4,3
Olympic Games Atlanta 1996,JAM,1,3,2
Olympic Games Atlanta 1996,FIN,1,2,1
Olympic Games Atlanta 1996,SCG,1,1,2
Olympic Games Atlanta 1996,INA,1,1,2
Olympic Games Atlanta 1996,IRI,1,1,1
Olympic Games Atlanta 1996,SVK,1,1,1
Olympic Games Atlanta 1996,ARM,1,1,0
Olympic Games Atlanta 1996,CRO,1,1,0
Olympic Games Atlanta 1996,POR,1,0,1
Olympic Games Atlanta 1996,THA,1,0,1
Olympic Games Atlanta 1996,HKG,1,0,0
Olympic Games Atlanta 1996,ECU,1,0,0
Olympic Games Atlanta 1996,SYR,1,0,0
Olympic Games Atlanta 1996,BDI,1,0,0
Olympic Games Atlanta 1996,CRC,1,0,0
Olympic Games Atlanta 1996,ARG,0,2,1
Olympic Games Atlanta 1996,SLO,0,2,0
Olympic Games Atlanta 1996,NAM,0,2,0
Olympic Games Atlanta 1996,AUT,0,1,2
Olympic Games Atlanta 1996,MDA,0,1,1
Olympic Games Atlanta 1996,MAS,0,1,1
Olympic Games Atlanta 1996,UZB,0,1,1
Olympic Games Atlanta 1996,AZE,0,1,0
Olympic Games Atlanta 1996,TPE,0,1,0
Olympic Games Atlanta 1996,BAH,0,1,0
Olympic Games Atlanta 1996,ZAM,0,1,0
Olympic Games Atlanta 1996,LAT,0,1,0
Olympic Games Atlanta 1996,TGA,0,1,0
Olympic Games Atlanta 1996,PHI,0,1,0
Olympic Games Atlanta 1996,GEO,0,0,2
Olympic Games Atlanta 1996,MAR,0,0,2
Olympic Games Atlanta 1996,TTO,0,0,2
Olympic Games Atlanta 1996,LTU,0,0,1
Olympic Games Atlanta 1996,ISR,0,0,1
Olympic Games Atlanta 1996,UGA,0,0,1
Olympic Games Atlanta 1996,MEX,0,0,1
Olympic Games Atlanta 1996,MOZ,0,0,1
Olympic Games Atlanta 1996,IND,0,0,1
Olympic Games Atlanta 1996,MGL,0,0,1
Olympic Games Atlanta 1996,PUR,0,0,1
Olympic Games Atlanta 1996,TUN,0,0,1
Olympic Winter Games Lillehammer 1994,RUS,11,8,4
Olympic Winter Games Lillehammer 1994,NOR,10,11,5
Olympic Winter Games Lillehammer 1994,GER,9,7,8
Olympic Winter Games Lillehammer 1994,ITA,7,5,8
Olympic Winter Games Lillehammer 1994,USA,6,5,2
Olympic Winter Games Lillehammer 1994,KOR,4,1,1
Olympic Winter Games Lillehammer 1994,CAN,3,6,4
Olympic Winter Games Lillehammer 1994,SUI,3,4,2
Olympic Winter Games Lillehammer 1994,AUT,2,3,4
Olympic Winter Games Lillehammer 1994,SWE,2,1,0
Olympic Winter Games Lillehammer 1994,JPN,1,2,2
Olympic Winter Games Lillehammer 1994,KAZ,1,2,0
Olympic Winter Games Lillehammer 1994,UKR,1,0,1
Olympic Winter Games Lillehammer 1994,UZB,1,0,0
Olympic Winter Games Lillehammer 1994,BLR,0,2,0
Olympic Winter Games Lillehammer 1994,FIN,0,1,5
Olympic Winter Games Lillehammer 1994,FRA,0,1,4
Olympic Winter Games Lillehammer 1994,NED,0,1,3
Olympic Winter Games Lillehammer 1994,CHN,0,1,2
Olympic Winter Games Lillehammer 1994,SLO,0,0,3
Olympic Winter Games Lillehammer 1994,GBR,0,0,2
Olympic Winter Games Lillehammer 1994,AUS,0,0,1
Olympic Games Barcelona 1992,EUN,45,38,29
Olympic Games Barcelona 1992,USA,37,34,37
Olympic Games Barcelona 1992,GER,33,21,28
Olympic Games Barcelona 1992,CHN,16,22,16
Olympic Games Barcelona 1992,CUB,14,6,11
Olympic Games Barcelona 1992,ESP,13,7,2
Olympic Games Barcelona 1992,KOR,12,5,12
Olympic Games Barcelona 1992,HUN,11,12,7
Olympic Games Barcelona 1992,FRA,8,5,16
Olympic Games Barcelona 1992,AUS,7,9,11
Olympic Games Barcelona 1992,CAN,7,4,7
Olympic Games Barcelona 1992,ITA,6,5,8
Olympic Games Barcelona 1992,GBR,5,3,12
Olympic Games Barcelona 1992,ROU,4,6,8
Olympic Games Barcelona 1992,TCH,4,2,1
Olympic Games Barcelona 1992,PRK,4,0,5
Olympic Games Barcelona 1992,JPN,3,8,11
Olympic Games Barcelona 1992,BUL,3,7,6
Olympic Games Barcelona 1992,POL,3,6,10
Olympic Games Barcelona 1992,NED,2,6,7
Olympic Games Barcelona 1992,KEN,2,4,2
Olympic Games Barcelona 1992,NOR,2,4,1
Olympic Games Barcelona 1992,TUR,2,2,2
Olympic Games Barcelona 1992,INA,2,2,1
Olympic Games Barcelona 1992,BRA,2,1,0
Olympic Games Barcelona 1992,GRE,2,0,0
Olympic Games Barcelona 1992,SWE,1,7,4
Olympic Games Barcelona 1992,NZL,1,4,5
Olympic Games Barcelona 1992,FIN,1,2,2
Olympic Games Barcelona 1992,DEN,1,1,4
Olympic Games Barcelona 1992,MAR,1,1,1
Olympic Games Barcelona 1992,IRL,1,1,0
Olympic Games Barcelona 1992,ETH,1,0,2
Olympic Games Barcelona 1992,EST,1,0,1
Olympic Games Barcelona 1992,ALG,1,0,1
Olympic Games Barcelona 1992,LTU,1,0,1
Olympic Games Barcelona 1992,SUI,1,0,0
Olympic Games Barcelona 1992,NGR,0,3,1
Olympic Games Barcelona 1992,JAM,0,3,1
Olympic Games Barcelona 1992,LAT,0,2,1
Olympic Games Barcelona 1992,AUT,0,2,0
Olympic Games Barcelona 1992,RSA,0,2,0
Olympic Games Barcelona 1992,NAM,0,2,0
Olympic Games Barcelona 1992,BEL,0,1,2
Olympic Games Barcelona 1992,CRO,0,1,2
Olympic Games Barcelona 1992,IRI,0,1,2
Olympic Games Barcelona 1992,IOA,0,1,2
Olympic Games Barcelona 1992,ISR,0,1,1
Olympic Games Barcelona 1992,TPE,0,1,0
Olympic Games Barcelona 1992,PER,0,1,0
Olympic Games Barcelona 1992,MEX,0,1,0
Olympic Games Barcelona 1992,MGL,0,0,2
Olympic Games Barcelona 1992,SLO,0,0,2
Olympic Games Barcelona 1992,GHA,0,0,1
Olympic Games Barcelona 1992,SUR,0,0,1
Olympic Games Barcelona 1992,PUR,0,0,1
Olympic Games Barcelona 1992,PHI,0,0,1
Olympic Games Barcelona 1992,THA,0,0,1
Olympic Games Barcelona 1992,MAS,0,0,1
Olympic Games Barcelona 1992,ARG,0,0,1
Olympic Games Barcelona 1992,PAK,0,0,1
Olympic Games Barcelona 1992,BAH,0,0,1
Olympic Games Barcelona 1992,QAT,0,0,1
Olympic Games Barcelona 1992,COL,0,0,1
Olympic Winter Games Albertville 1992,GER,10,10,6
Olympic Winter Games Albertville 1992,EUN,9,6,8
Olympic Winter Games Albertville 1992,NOR,9,6,5
Olympic Winter Games Albertville 1992,AUT,6,7,8
Olympic Winter Games Albertville 1992,USA,5,4,2
Olympic Winter Games Albertville 1992,ITA,4,6,4
Olympic Winter Games Albertville 1992,FRA,3,5,1
Olympic Winter Games Albertville 1992,FIN,3,1,3
Olympic Winter Games Albertville 1992,CAN,2,3,2
Olympic Winter Games Albertville 1992,KOR,2,1,1
Olympic Winter Games Albertville 1992,JPN,1,2,4
Olympic Winter Games Albertville 1992,NED,1,1,2
Olympic Winter Games Albertville 1992,SWE,1,0,3
Olympic Winter Games Albertville 1992,SUI,1,0,2
Olympic Winter Games Albertville 1992,CHN,0,3,0
Olympic Winter Games Albertville 1992,LUX,0,2,0
Olympic Winter Games Albertville 1992,NZL,0,1,0
Olympic Winter Games Albertville 1992,TCH,0,0,3
Olympic Winter Games Albertville 1992,ESP,0,0,1
Olympic Winter Games Albertville 1992,PRK,0,0,1
Olympic Games Seoul 1988,URS,55,31,46
Olympic Games Seoul 1988,GDR,37,35,30
Olympic Games Seoul 1988,USA,36,31,27
Olympic Games Seoul 1988,KOR,12,10,11
Olympic Games Seoul 1988,FRG,11,14,15
Olympic Games Seoul 1988,HUN,11,6,6
Olympic Games Seoul 1988,BUL,10,12,13
Olympic Games Seoul 1988,ROU,7,11,6
Olympic Games Seoul 1988,FRA,6,4,6
Olympic Games Seoul 1988,ITA,6,4,4
Olympic Games Seoul 1988,CHN,5,11,12
Olympic Games Seoul 1988,GBR,5,10,9
Olympic Games Seoul 1988,KEN,5,2,2
Olympic Games Seoul 1988,JPN,4,3,7
Olympic Games Seoul 1988,AUS,3,6,5
Olympic Games Seoul 1988,YUG,3,4,5
Olympic Games Seoul 1988,TCH,3,3,2
Olympic Games Seoul 1988,NZL,3,2,8
Olympic Games Seoul 1988,CAN,3,2,5
Olympic Games Seoul 1988,POL,2,5,9
Olympic Games Seoul 1988,NOR,2,3,0
Olympic Games Seoul 1988,NED,2,2,5
Olympic Games Seoul 1988,DEN,2,1,1
Olympic Games Seoul 1988,BRA,1,2,3
Olympic Games Seoul 1988,ESP,1,1,2
Olympic Games Seoul 1988,FIN,1,1,2
Olympic Games Seoul 1988,TUR,1,1,0
Olympic Games Seoul 1988,MAR,1,0,2
Olympic Games Seoul 1988,SUR,1,0,0
Olympic Games Seoul 1988,AUT,1,0,0
Olympic Games Seoul 1988,POR,1,0,0
Olympic Games Seoul 1988,SWE,0,4,7
Olympic Games Seoul 1988,SUI,0,2,2
Olympic Games Seoul 1988,JAM,0,2,0
Olympic Games Seoul 1988,ARG,0,1,1
Olympic Games Seoul 1988,CHI,0,1,0
Olympic Games Seoul 1988,CRC,0,1,0
Olympic Games Seoul 1988,ISV,0,1,0
Olympic Games Seoul 1988,AHO,0,1,0
Olympic Games Seoul 1988,IRI,0,1,0
Olympic Games Seoul 1988,PER,0,1,0
Olympic Games Seoul 1988,INA,0,1,0
Olympic Games Seoul 1988,SEN,0,1,0
Olympic Games Seoul 1988,BEL,0,0,2
Olympic Games Seoul 1988,MEX,0,0,2
Olympic Games Seoul 1988,GRE,0,0,1
Olympic Games Seoul 1988,MGL,0,0,1
Olympic Games Seoul 1988,PHI,0,0,1
Olympic Games Seoul 1988,THA,0,0,1
Olympic Games Seoul 1988,COL,0,0,1
Olympic Games Seoul 1988,PAK,0,0,1
Olympic Games Seoul 1988,DJI,0,0,1
Olympic Winter Games Calgary 1988,URS,11,9,9
Olympic Winter Games Calgary 1988,GDR,9,10,6
Olympic Winter Games Calgary 1988,SUI,5,5,5
Olympic Winter Games Calgary 1988,FIN,4,1,2
Olympic Winter Games Calgary 1988,SWE,4,0,2
Olympic Winter Games Calgary 1988,AUT,3,5,2
Olympic Winter Games Calgary 1988,NED,3,2,2
Olympic Winter Games Calgary 1988,FRG,2,4,2
Olympic Winter Games Calgary 1988,USA,2,1,3
Olympic Winter Games Calgary 1988,ITA,2,1,2
Olympic Winter Games Calgary 1988,FRA,1,0,1
Olympic Winter Games Calgary 1988,NOR,0,3,2
Olympic Winter Games Calgary 1988,CAN,0,2,3
Olympic Winter Games Calgary 1988,YUG,0,2,1
Olympic Winter Games Calgary 1988,TCH,0,1,2
Olympic Winter Games Calgary 1988,JPN,0,0,1
Olympic Winter Games Calgary 1988,LIE,0,0,1
Olympic Games Los Angeles 1984,USA,83,61,30
Olympic Games Los Angeles 1984,ROU,20,16,17
Olympic Games Los Angeles 1984,FRG,17,19,23
Olympic Games Los Angeles 1984,CHN,15,8,9
Olympic Games Los Angeles 1984,ITA,14,6,12
Olympic Games Los Angeles 1984,CAN,10,18,16
Olympic Games Los Angeles 1984,JPN,10,8,14
Olympic Games Los Angeles 1984,NZL,8,1,2
Olympic Games Los Angeles 1984,YUG,7,4,7
Olympic Games Los Angeles 1984,KOR,6,6,7
Olympic Games Los Angeles 1984,GBR,5,11,21
Olympic Games Los Angeles 1984,FRA,5,7,16
Olympic Games Los Angeles 1984,NED,5,2,6
Olympic Games Los Angeles 1984,AUS,4,8,12
Olympic Games Los Angeles 1984,FIN,4,2,6
Olympic Games Los Angeles 1984,SWE,2,11,6
Olympic Games Los Angeles 1984,MEX,2,3,1
Olympic Games Los Angeles 1984,MAR,2,0,0
Olympic Games Los Angeles 1984,BRA,1,5,2
Olympic Games Los Angeles 1984,ESP,1,2,2
Olympic Games Los Angeles 1984,BEL,1,1,2
Olympic Games Los Angeles 1984,AUT,1,1,1
Olympic Games Los Angeles 1984,POR,1,0,2
Olympic Games Los Angeles 1984,KEN,1,0,2
Olympic Games Los Angeles 1984,PAK,1,0,0
Olympic Games Los Angeles 1984,SUI,0,4,4
Olympic Games Los Angeles 1984,DEN,0,3,3
Olympic Games Los Angeles 1984,NOR,0,1,2
Olympic Games Los Angeles 1984,JAM,0,1,2
Olympic Games Los Angeles 1984,NGR,0,1,1
Olympic Games Los Angeles 1984,GRE,0,1,1
Olympic Games Los Angeles 1984,PUR,0,1,1
Olympic Games Los Angeles 1984,PER,0,1,0
Olympic Games Los Angeles 1984,COL,0,1,0
Olympic Games Los Angeles 1984,EGY,0,1,0
Olympic Games Los Angeles 1984,CIV,0,1,0
Olympic Games Los Angeles 1984,IRL,0,1,0
Olympic Games Los Angeles 1984,SYR,0,1,0
Olympic Games Los Angeles 1984,THA,0,1,0
Olympic Games Los Angeles 1984,VEN,0,0,3
Olympic Games Los Angeles 1984,TUR,0,0,3
Olympic Games Los Angeles 1984,ALG,0,0,2
Olympic Games Los Angeles 1984,ISL,0,0,1
Olympic Games Los Angeles 1984,ZAM,0,0,1
Olympic Games Los Angeles 1984,DOM,0,0,1
Olympic Games Los Angeles 1984,CMR,0,0,1
Olympic Games Los Angeles 1984,TPE,0,0,1
Olympic Winter Games Sarajevo 1984,GDR,9,9,6
Olympic Winter Games Sarajevo 1984,URS,6,10,9
Olympic Winter Games Sarajevo 1984,USA,4,4,0
Olympic Winter Games Sarajevo 1984,FIN,4,3,6
Olympic Winter Games Sarajevo 1984,SWE,4,2,2
Olympic Winter Games Sarajevo 1984,NOR,3,2,4
Olympic Winter Games Sarajevo 1984,SUI,2,2,1
Olympic Winter Games Sarajevo 1984,CAN,2,1,1
Olympic Winter Games Sarajevo 1984,FRG,2,1,1
Olympic Winter Games Sarajevo 1984,ITA,2,0,0
Olympic Winter Games Sarajevo 1984,GBR,1,0,0
Olympic Winter Games Sarajevo 1984,TCH,0,2,4
Olympic Winter Games Sarajevo 1984,FRA,0,1,2
Olympic Winter Games Sarajevo 1984,JPN,0,1,0
Olympic Winter Games Sarajevo 1984,YUG,0,1,0
Olympic Winter Games Sarajevo 1984,LIE,0,0,2
Olympic Winter Games Sarajevo 1984,AUT,0,0,1
Olympic Games Moscow 1980,URS,80,69,46
Olympic Games Moscow 1980,GDR,47,37,42
Olympic Games Moscow 1980,BUL,8,16,17
Olympic Games Moscow 1980,CUB,8,7,5
Olympic Games Moscow 1980,ITA,8,3,4
Olympic Games Moscow 1980,HUN,7,10,15
Olympic Games Moscow 1980,ROU,6,6,13
Olympic Games Moscow 1980,FRA,6,5,3
Olympic Games Moscow 1980,GBR,5,7,9
Olympic Games Moscow 1980,POL,3,14,15
Olympic Games Moscow 1980,SWE,3,3,6
Olympic Games Moscow 1980,FIN,3,1,4
Olympic Games Moscow 1980,TCH,2,3,9
Olympic Games Moscow 1980,YUG,2,3,4
Olympic Games Moscow 1980,AUS,2,2,5
Olympic Games Moscow 1980,DEN,2,1,2
Olympic Games Moscow 1980,BRA,2,0,2
Olympic Games Moscow 1980,ETH,2,0,2
Olympic Games Moscow 1980,SUI,2,0,0
Olympic Games Moscow 1980,ESP,1,3,2
Olympic Games Moscow 1980,AUT,1,2,1
Olympic Games Moscow 1980,GRE,1,0,2
Olympic Games Moscow 1980,ZIM,1,0,0
Olympic Games Moscow 1980,IND,1,0,0
Olympic Games Moscow 1980,BEL,1,0,0
Olympic Games Moscow 1980,PRK,0,3,2
Olympic Games Moscow 1980,MGL,0,2,2
Olympic Games Moscow 1980,TAN,0,2,0
Olympic Games Moscow 1980,MEX,0,1,3
Olympic Games Moscow 1980,NED,0,1,2
Olympic Games Moscow 1980,IRL,0,1,1
Olympic Games Moscow 1980,VEN,0,1,0
Olympic Games Moscow 1980,UGA,0,1,0
Olympic Games Moscow 1980,JAM,0,0,3
Olympic Games Moscow 1980,LBN,0,0,1
Olympic Games Moscow 1980,GUY,0,0,1
Olympic Winter Games Lake Placid 1980,URS,10,6,6
Olympic Winter Games Lake Placid 1980,GDR,9,7,7
Olympic Winter Games Lake Placid 1980,USA,6,4,2
Olympic Winter Games Lake Placid 1980,AUT,3,2,2
Olympic Winter Games Lake Placid 1980,SWE,3,0,1
Olympic Winter Games Lake Placid 1980,LIE,2,2,0
Olympic Winter Games Lake Placid 1980,FIN,1,5,3
Olympic Winter Games Lake Placid 1980,NOR,1,3,6
Olympic Winter Games Lake Placid 1980,NED,1,2,1
Olympic Winter Games Lake Placid 1980,SUI,1,1,3
Olympic Winter Games Lake Placid 1980,GBR,1,0,0
Olympic Winter Games Lake Placid 1980,FRG,0,2,3
Olympic Winter Games Lake Placid 1980,ITA,0,2,0
Olympic Winter Games Lake Placid 1980,CAN,0,1,1
Olympic Winter Games Lake Placid 1980,HUN,0,1,0
Olympic Winter Games Lake Placid 1980,JPN,0,1,0
Olympic Winter Games Lake Placid 1980,FRA,0,0,1
Olympic Winter Games Lake Placid 1980,TCH,0,0,1
Olympic Winter Games Lake Placid 1980,BUL,0,0,1
Olympic Games Montreal 1976,URS,49,41,35
Olympic Games Montreal 1976,GDR,40,25,25
Olympic Games Montreal 1976,USA,34,35,25
Olympic Games Montreal 1976,FRG,10,12,17
Olympic Games Montreal 1976,JPN,9,6,10
Olympic Games Montreal 1976,POL,7,6,13
Olympic Games Montreal 1976,BUL,6,9,7
Olympic Games Montreal 1976,CUB,6,4,3
Olympic Games Montreal 1976,ROU,4,9,14
Olympic Games Montreal 1976,HUN,4,5,13
Olympic Games Montreal 1976,FIN,4,2,0
Olympic Games Montreal 1976,SWE,4,1,0
Olympic Games Montreal 1976,GBR,3,5,5
Olympic Games Montreal 1976,ITA,2,7,4
Olympic Games Montreal 1976,FRA,2,3,4
Olympic Games Montreal 1976,YUG,2,3,3
Olympic Games Montreal 1976,TCH,2,2,4
Olympic Games Montreal 1976,NZL,2,1,1
Olympic Games Montreal 1976,KOR,1,1,4
Olympic Games Montreal 1976,SUI,1,1,2
Olympic Games Montreal 1976,NOR,1,1,0
Olympic Games Montreal 1976,JAM,1,1,0
Olympic Games Montreal 1976,PRK,1,1,0
Olympic Games Montreal 1976,DEN,1,0,2
Olympic Games Montreal 1976,MEX,1,0,1
Olympic Games Montreal 1976,TTO,1,0,0
Olympic Games Montreal 1976,CAN,0,5,6
Olympic Games Montreal 1976,BEL,0,3,3
Olympic Games Montreal 1976,NED,0,2,3
Olympic Games Montreal 1976,POR,0,2,0
Olympic Games Montreal 1976,ESP,0,2,0
Olympic Games Montreal 1976,AUS,0,1,4
Olympic Games Montreal 1976,IRI,0,1,1
Olympic Games Montreal 1976,VEN,0,1,0
Olympic Games Montreal 1976,MGL,0,1,0
Olympic Games Montreal 1976,BRA,0,0,2
Olympic Games Montreal 1976,PAK,0,0,1
Olympic Games Montreal 1976,AUT,0,0,1
Olympic Games Montreal 1976,BER,0,0,1
Olympic Games Montreal 1976,PUR,0,0,1
Olympic Games Montreal 1976,THA,0,0,1
Olympic Winter Games Innsbruck 1976,URS,13,6,8
Olympic Winter Games Innsbruck 1976,GDR,7,5,7
Olympic Winter Games Innsbruck 1976,USA,3,3,4
Olympic Winter Games Innsbruck 1976,NOR,3,3,1
Olympic Winter Games Innsbruck 1976,FRG,2,5,3
Olympic Winter Games Innsbruck 1976,FIN,2,4,1
Olympic Winter Games Innsbruck 1976,AUT,2,2,2
Olympic Winter Games Innsbruck 1976,SUI,1,3,1
Olympic Winter Games Innsbruck 1976,NED,1,2,3
Olympic Winter Games Innsbruck 1976,ITA,1,2,1
Olympic Winter Games Innsbruck 1976,CAN,1,1,1
Olympic Winter Games Innsbruck 1976,GBR,1,0,0
Olympic Winter Games Innsbruck 1976,TCH,0,1,0
Olympic Winter Games Innsbruck 1976,SWE,0,0,2
Olympic Winter Games Innsbruck 1976,LIE,0,0,2
Olympic Winter Games Innsbruck 1976,FRA,0,0,1
Olympic Games Munich 1972,URS,50,27,22
Olympic Games Munich 1972,USA,33,31,30
Olympic Games Munich 1972,GDR,20,23,23
Olympic Games Munich 1972,FRG,13,11,16
Olympic Games Munich 1972,JPN,13,8,8
Olympic Games Munich 1972,AUS,8,7,2
Olympic Games Munich 1972,POL,7,5,9
Olympic Games Munich 1972,HUN,6,13,16
Olympic Games Munich 1972,BUL,6,10,5
Olympic Games Munich 1972,ITA,5,3,10
Olympic Games Munich 1972,SWE,4,6,6
Olympic Games Munich 1972,GBR,4,5,9
Olympic Games Munich 1972,ROU,3,6,7
Olympic Games Munich 1972,FIN,3,1,4
Olympic Games Munich 1972,CUB,3,1,4
Olympic Games Munich 1972,NED,3,1,1
Olympic Games Munich 1972,FRA,2,4,7
Olympic Games Munich 1972,TCH,2,4,2
Olympic Games Munich 1972,KEN,2,3,4
Olympic Games Munich 1972,YUG,2,1,2
Olympic Games Munich 1972,NOR,2,1,1
Olympic Games Munich 1972,PRK,1,1,3
Olympic Games Munich 1972,NZL,1,1,1
Olympic Games Munich 1972,UGA,1,1,0
Olympic Games Munich 1972,DEN,1,0,0
Olympic Games Munich 1972,SUI,0,3,0
Olympic Games Munich 1972,CAN,0,2,3
Olympic Games Munich 1972,IRI,0,2,1
Olympic Games Munich 1972,GRE,0,2,0
Olympic Games Munich 1972,BEL,0,2,0
Olympic Games Munich 1972,AUT,0,1,2
Olympic Games Munich 1972,COL,0,1,2
Olympic Games Munich 1972,LBN,0,1,0
Olympic Games Munich 1972,MGL,0,1,0
Olympic Games Munich 1972,TUR,0,1,0
Olympic Games Munich 1972,PAK,0,1,0
Olympic Games Munich 1972,TUN,0,1,0
Olympic Games Munich 1972,KOR,0,1,0
Olympic Games Munich 1972,ARG,0,1,0
Olympic Games Munich 1972,MEX,0,1,0
Olympic Games Munich 1972,BRA,0,0,2
Olympic Games Munich 1972,ETH,0,0,2
Olympic Games Munich 1972,IND,0,0,1
Olympic Games Munich 1972,JAM,0,0,1
Olympic Games Munich 1972,NGR,0,0,1
Olympic Games Munich 1972,NIG,0,0,1
Olympic Games Munich 1972,ESP,0,0,1
Olympic Games Munich 1972,GHA,0,0,1
Olympic Winter Games Sapporo 1972,URS,8,5,3
Olympic Winter Games Sapporo 1972,GDR,4,3,7
Olympic Winter Games Sapporo 1972,SUI,4,3,3
Olympic Winter Games Sapporo 1972,NED,4,3,2
Olympic Winter Games Sapporo 1972,USA,3,2,3
Olympic Winter Games Sapporo 1972,FRG,3,1,1
Olympic Winter Games Sapporo 1972,NOR,2,5,5
Olympic Winter Games Sapporo 1972,ITA,2,2,1
Olympic Winter Games Sapporo 1972,AUT,1,2,2
Olympic Winter Games Sapporo 1972,SWE,1,1,2
Olympic Winter Games Sapporo 1972,JPN,1,1,1
Olympic Winter Games Sapporo 1972,TCH,1,0,2
Olympic Winter Games Sapporo 1972,POL,1,0,0
Olympic Winter Games Sapporo 1972,ESP,1,0,0
Olympic Winter Games Sapporo 1972,FIN,0,4,1
Olympic Winter Games Sapporo 1972,FRA,0,1,2
Olympic Winter Games Sapporo 1972,CAN,0,1,0
Olympic Games Mexico City 1968,USA,45,28,34
Olympic Games Mexico City 1968,URS,29,32,30
Olympic Games Mexico City 1968,JPN,11,7,7
Olympic Games Mexico City 1968,HUN,10,10,12
Olympic Games Mexico City 1968,GDR,9,9,7
Olympic Games Mexico City 1968,FRA,7,3,5
Olympic Games Mexico City 1968,TCH,7,2,4
Olympic Games Mexico City 1968,FRG,5,11,10
Olympic Games Mexico City 1968,AUS,5,7,5
Olympic Games Mexico City 1968,GBR,5,5,3
Olympic Games Mexico City 1968,POL,5,2,11
Olympic Games Mexico City 1968,ROU,4,6,5
Olympic Games Mexico City 1968,ITA,3,4,9
Olympic Games Mexico City 1968,KEN,3,4,2
Olympic Games Mexico City 1968,MEX,3,3,3
Olympic Games Mexico City 1968,YUG,3,3,2
Olympic Games Mexico City 1968,NED,3,3,1
Olympic Games Mexico City 1968,BUL,2,4,3
Olympic Games Mexico City 1968,IRI,2,1,2
Olympic Games Mexico City 1968,SWE,2,1,1
Olympic Games Mexico City 1968,TUR,2,0,0
Olympic Games Mexico City 1968,DEN,1,4,3
Olympic Games Mexico City 1968,CAN,1,3,1
Olympic Games Mexico City 1968,FIN,1,2,1
Olympic Games Mexico City 1968,NOR,1,1,0
Olympic Games Mexico City 1968,ETH,1,1,0
Olympic Games Mexico City 1968,NZL,1,0,2
Olympic Games Mexico City 1968,TUN,1,0,1
Olympic Games Mexico City 1968,PAK,1,0,0
Olympic Games Mexico City 1968,VEN,1,0,0
Olympic Games Mexico City 1968,CUB,0,4,0
Olympic Games Mexico City 1968,AUT,0,2,2
Olympic Games Mexico City 1968,SUI,0,1,4
Olympic Games Mexico City 1968,MGL,0,1,3
Olympic Games Mexico City 1968,BRA,0,1,2
Olympic Games Mexico City 1968,BEL,0,1,1
Olympic Games Mexico City 1968,KOR,0,1,1
Olympic Games Mexico City 1968,UGA,0,1,1
Olympic Games Mexico City 1968,CMR,0,1,0
Olympic Games Mexico City 1968,JAM,0,1,0
Olympic Games Mexico City 1968,ARG,0,0,2
Olympic Games Mexico City 1968,IND,0,0,1
Olympic Games Mexico City 1968,GRE,0,0,1
Olympic Games Mexico City 1968,TPE,0,0,1
Olympic Winter Games Grenoble 1968,NOR,6,6,2
Olympic Winter Games Grenoble 1968,URS,5,5,3
Olympic Winter Games Grenoble 1968,FRA,4,3,2
Olympic Winter Games Grenoble 1968,ITA,4,0,0
Olympic Winter Games Grenoble 1968,AUT,3,4,4
Olympic Winter Games Grenoble 1968,NED,3,3,3
Olympic Winter Games Grenoble 1968,SWE,3,2,3
Olympic Winter Games Grenoble 1968,FRG,2,2,3
Olympic Winter Games Grenoble 1968,USA,1,5,1
Olympic Winter Games Grenoble 1968,GDR,1,2,2
Olympic Winter Games Grenoble 1968,FIN,1,2,2
Olympic Winter Games Grenoble 1968,TCH,1,2,1
Olympic Winter Games Grenoble 1968,CAN,1,1,1
Olympic Winter Games Grenoble 1968,SUI,0,2,4
Olympic Winter Games Grenoble 1968,ROU,0,0,1
Olympic Games Tokyo 1964,USA,36,26,28
Olympic Games Tokyo 1964,URS,30,31,35
Olympic Games Tokyo 1964,JPN,16,5,8
Olympic Games Tokyo 1964,GER,10,22,18
Olympic Games Tokyo 1964,ITA,10,10,7
Olympic Games Tokyo 1964,HUN,10,7,5
Olympic Games Tokyo 1964,POL,7,6,10
Olympic Games Tokyo 1964,AUS,6,2,10
Olympic Games Tokyo 1964,TCH,5,6,3
Olympic Games Tokyo 1964,GBR,4,12,2
Olympic Games Tokyo 1964,BUL,3,5,2
Olympic Games Tokyo 1964,FIN,3,0,2
Olympic Games Tokyo 1964,NZL,3,0,2
Olympic Games Tokyo 1964,ROU,2,4,6
Olympic Games Tokyo 1964,NED,2,4,4
Olympic Games Tokyo 1964,TUR,2,3,1
Olympic Games Tokyo 1964,SWE,2,2,4
Olympic Games Tokyo 1964,DEN,2,1,3
Olympic Games Tokyo 1964,YUG,2,1,2
Olympic Games Tokyo 1964,BEL,2,0,1
Olympic Games Tokyo 1964,FRA,1,8,6
Olympic Games Tokyo 1964,CAN,1,2,1
Olympic Games Tokyo 1964,SUI,1,2,1
Olympic Games Tokyo 1964,ETH,1,0,0
Olympic Games Tokyo 1964,IND,1,0,0
Olympic Games Tokyo 1964,BAH,1,0,0
Olympic Games Tokyo 1964,KOR,0,2,1
Olympic Games Tokyo 1964,TTO,0,1,2
Olympic Games Tokyo 1964,TUN,0,1,1
Olympic Games Tokyo 1964,ARG,0,1,0
Olympic Games Tokyo 1964,CUB,0,1,0
Olympic Games Tokyo 1964,PAK,0,1,0
Olympic Games Tokyo 1964,PHI,0,1,0
Olympic Games Tokyo 1964,IRI,0,0,2
Olympic Games Tokyo 1964,KEN,0,0,1
Olympic Games Tokyo 1964,BRA,0,0,1
Olympic Games Tokyo 1964,NGR,0,0,1
Olympic Games Tokyo 1964,URU,0,0,1
Olympic Games Tokyo 1964,GHA,0,0,1
Olympic Games Tokyo 1964,MEX,0,0,1
Olympic Games Tokyo 1964,IRL,0,0,1
Olympic Winter Games Innsbruck 1964,URS,11,8,6
Olympic Winter Games Innsbruck 1964,AUT,4,5,3
Olympic Winter Games Innsbruck 1964,NOR,3,6,6
Olympic Winter Games Innsbruck 1964,FIN,3,4,3
Olympic Winter Games Innsbruck 1964,FRA,3,4,0
Olympic Winter Games Innsbruck 1964,GER,3,3,3
Olympic Winter Games Innsbruck 1964,SWE,3,3,1
Olympic Winter Games Innsbruck 1964,USA,1,2,4
Olympic Winter Games Innsbruck 1964,CAN,1,1,1
Olympic Winter Games Innsbruck 1964,NED,1,1,0
Olympic Winter Games Innsbruck 1964,GBR,1,0,0
Olympic Winter Games Innsbruck 1964,ITA,0,1,3
Olympic Winter Games Innsbruck 1964,PRK,0,1,0
Olympic Winter Games Innsbruck 1964,TCH,0,0,1
Olympic Games Rome 1960,URS,43,29,31
Olympic Games Rome 1960,USA,34,21,16
Olympic Games Rome 1960,ITA,13,10,13
Olympic Games Rome 1960,GER,12,19,11
Olympic Games Rome 1960,AUS,8,8,6
Olympic Games Rome 1960,TUR,7,2,0
Olympic Games Rome 1960,HUN,6,8,7
Olympic Games Rome 1960,JPN,4,7,7
Olympic Games Rome 1960,POL,4,6,11
Olympic Games Rome 1960,TCH,3,2,3
Olympic Games Rome 1960,ROU,3,1,6
Olympic Games Rome 1960,GBR,2,6,12
Olympic Games Rome 1960,DEN,2,3,1
Olympic Games Rome 1960,NZL,2,0,1
Olympic Games Rome 1960,BUL,1,3,3
Olympic Games Rome 1960,SWE,1,2,3
Olympic Games Rome 1960,FIN,1,1,3
Olympic Games Rome 1960,AUT,1,1,0
Olympic Games Rome 1960,YUG,1,1,0
Olympic Games Rome 1960,PAK,1,0,1
Olympic Games Rome 1960,ETH,1,0,0
Olympic Games Rome 1960,NOR,1,0,0
Olympic Games Rome 1960,GRE,1,0,0
Olympic Games Rome 1960,SUI,0,3,3
Olympic Games Rome 1960,FRA,0,2,3
Olympic Games Rome 1960,BEL,0,2,2
Olympic Games Rome 1960,IRI,0,1,3
Olympic Games Rome 1960,RSA,0,1,2
Olympic Games Rome 1960,NED,0,1,2
Olympic Games Rome 1960,UAE,0,1,1
Olympic Games Rome 1960,ARG,0,1,1
Olympic Games Rome 1960,GHA,0,1,0
Olympic Games Rome 1960,IND,0,1,0
Olympic Games Rome 1960,MAR,0,1,0
Olympic Games Rome 1960,TPE,0,1,0
Olympic Games Rome 1960,POR,0,1,0
Olympic Games Rome 1960,CAN,0,1,0
Olympic Games Rome 1960,SGP,0,1,0
Olympic Games Rome 1960,BRA,0,0,2
Olympic Games Rome 1960,JAM,0,0,2
Olympic Games Rome 1960,VEN,0,0,1
Olympic Games Rome 1960,ESP,0,0,1
Olympic Games Rome 1960,MEX,0,0,1
Olympic Games Rome 1960,IRQ,0,0,1
Olympic Winter Games Squaw Valley 1960,URS,7,5,9
Olympic Winter Games Squaw Valley 1960,GER,4,3,1
Olympic Winter Games Squaw Valley 1960,USA,3,4,3
Olympic Winter Games Squaw Valley 1960,NOR,3,3,0
Olympic Winter Games Squaw Valley 1960,SWE,3,2,2
Olympic Winter Games Squaw Valley 1960,FIN,2,3,3
Olympic Winter Games Squaw Valley 1960,CAN,2,1,1
Olympic Winter Games Squaw Valley 1960,SUI,2,0,0
Olympic Winter Games Squaw Valley 1960,AUT,1,2,3
Olympic Winter Games Squaw Valley 1960,FRA,1,0,2
Olympic Winter Games Squaw Valley 1960,NED,0,1,1
Olympic Winter Games Squaw Valley 1960,POL,0,1,1
Olympic Winter Games Squaw Valley 1960,TCH,0,1,0
Olympic Winter Games Squaw Valley 1960,ITA,0,0,1
Olympic Games Melbourne 1956,URS,37,29,32
Olympic Games Melbourne 1956,USA,32,25,17
Olympic Games Melbourne 1956,AUS,13,8,14
Olympic Games Melbourne 1956,HUN,9,10,7
Olympic Games Melbourne 1956,ITA,8,6,8
Olympic Games Melbourne 1956,GBR,5,7,9
Olympic Games Melbourne 1956,SWE,5,5,6
Olympic Games Melbourne 1956,ROU,5,3,5
Olympic Games Melbourne 1956,GER,4,10,6
Olympic Games Melbourne 1956,JPN,4,10,5
Olympic Games Melbourne 1956,FRA,4,4,6
Olympic Games Melbourne 1956,TUR,3,2,2
Olympic Games Melbourne 1956,FIN,3,1,11
Olympic Games Melbourne 1956,IRI,2,2,1
Olympic Games Melbourne 1956,CAN,2,1,2
Olympic Games Melbourne 1956,NZL,2,0,0
Olympic Games Melbourne 1956,POL,1,4,4
Olympic Games Melbourne 1956,TCH,1,4,1
Olympic Games Melbourne 1956,BUL,1,3,1
Olympic Games Melbourne 1956,IRL,1,1,3
Olympic Games Melbourne 1956,DEN,1,1,1
Olympic Games Melbourne 1956,NOR,1,0,2
Olympic Games Melbourne 1956,MEX,1,0,1
Olympic Games Melbourne 1956,IND,1,0,0
Olympic Games Melbourne 1956,BRA,1,0,0
Olympic Games Melbourne 1956,YUG,0,3,0
Olympic Games Melbourne 1956,CHI,0,2,2
Olympic Games Melbourne 1956,BEL,0,2,0
Olympic Games Melbourne 1956,KOR,0,1,1
Olympic Games Melbourne 1956,ARG,0,1,1
Olympic Games Melbourne 1956,PAK,0,1,0
Olympic Games Melbourne 1956,ISL,0,1,0
Olympic Games Melbourne 1956,RSA,0,0,4
Olympic Games Melbourne 1956,AUT,0,0,2
Olympic Games Melbourne 1956,BAH,0,0,1
Olympic Games Melbourne 1956,URU,0,0,1
Olympic Games Melbourne 1956,GRE,0,0,1
Olympic Winter Games Cortina d'Ampezzo 1956,URS,7,3,6
Olympic Winter Games Cortina d'Ampezzo 1956,AUT,4,3,4
Olympic Winter Games Cortina d'Ampezzo 1956,FIN,3,3,1
Olympic Winter Games Cortina d'Ampezzo 1956,SUI,3,2,1
Olympic Winter Games Cortina d'Ampezzo 1956,SWE,2,4,4
Olympic Winter Games Cortina d'Ampezzo 1956,USA,2,3,2
Olympic Winter Games Cortina d'Ampezzo 1956,NOR,2,1,1
Olympic Winter Games Cortina d'Ampezzo 1956,ITA,1,2,0
Olympic Winter Games Cortina d'Ampezzo 1956,GER,1,0,1
Olympic Winter Games Cortina d'Ampezzo 1956,CAN,0,1,2
Olympic Winter Games Cortina d'Ampezzo 1956,JPN,0,1,0
Olympic Winter Games Cortina d'Ampezzo 1956,HUN,0,0,1
Olympic Winter Games Cortina d'Ampezzo 1956,POL,0,0,1
Olympic Games Helsinki 1952,USA,40,19,17
Olympic Games Helsinki 1952,URS,22,30,19
Olympic Games Helsinki 1952,HUN,16,10,16
Olympic Games Helsinki 1952,SWE,12,13,10
Olympic Games Helsinki 1952,ITA,8,9,4
Olympic Games Helsinki 1952,TCH,7,3,3
Olympic Games Helsinki 1952,FRA,6,6,6
Olympic Games Helsinki 1952,FIN,6,3,13
Olympic Games Helsinki 1952,AUS,6,2,3
Olympic Games Helsinki 1952,NOR,3,2,0
Olympic Games Helsinki 1952,SUI,2,6,6
Olympic Games Helsinki 1952,RSA,2,4,4
Olympic Games Helsinki 1952,JAM,2,3,0
Olympic Games Helsinki 1952,BEL,2,2,0
Olympic Games Helsinki 1952,DEN,2,1,3
Olympic Games Helsinki 1952,TUR,2,0,1
Olympic Games Helsinki 1952,JPN,1,6,2
Olympic Games Helsinki 1952,GBR,1,2,8
Olympic Games Helsinki 1952,ARG,1,2,2
Olympic Games Helsinki 1952,POL,1,2,1
Olympic Games Helsinki 1952,CAN,1,2,0
Olympic Games Helsinki 1952,YUG,1,2,0
Olympic Games Helsinki 1952,ROU,1,1,2
Olympic Games Helsinki 1952,BRA,1,0,2
Olympic Games Helsinki 1952,NZL,1,0,2
Olympic Games Helsinki 1952,IND,1,0,1
Olympic Games Helsinki 1952,LUX,1,0,0
Olympic Games Helsinki 1952,GER,0,7,17
Olympic Games Helsinki 1952,NED,0,5,0
Olympic Games Helsinki 1952,IRI,0,3,4
Olympic Games Helsinki 1952,CHI,0,2,0
Olympic Games Helsinki 1952,AUT,0,1,1
Olympic Games Helsinki 1952,LBN,0,1,1
Olympic Games Helsinki 1952,ESP,0,1,0
Olympic Games Helsinki 1952,IRL,0,1,0
Olympic Games Helsinki 1952,MEX,0,1,0
Olympic Games Helsinki 1952,KOR,0,0,2
Olympic Games Helsinki 1952,TTO,0,0,2
Olympic Games Helsinki 1952,URU,0,0,2
Olympic Games Helsinki 1952,POR,0,0,1
Olympic Games Helsinki 1952,EGY,0,0,1
Olympic Games Helsinki 1952,BUL,0,0,1
Olympic Games Helsinki 1952,VEN,0,0,1
Olympic Winter Games Oslo 1952,NOR,7,3,6
Olympic Winter Games Oslo 1952,USA,4,6,1
Olympic Winter Games Oslo 1952,FIN,3,4,2
Olympic Winter Games Oslo 1952,GER,3,2,2
Olympic Winter Games Oslo 1952,AUT,2,4,2
Olympic Winter Games Oslo 1952,ITA,1,0,1
Olympic Winter Games Oslo 1952,CAN,1,0,1
Olympic Winter Games Oslo 1952,GBR,1,0,0
Olympic Winter Games Oslo 1952,NED,0,3,0
Olympic Winter Games Oslo 1952,SWE,0,0,4
Olympic Winter Games Oslo 1952,SUI,0,0,2
Olympic Winter Games Oslo 1952,HUN,0,0,1
Olympic Winter Games Oslo 1952,FRA,0,0,1
Olympic Games London 1948,USA,38,27,19
Olympic Games London 1948,SWE,17,11,18
Olympic Games London 1948,FRA,11,6,15
Olympic Games London 1948,FIN,10,8,6
Olympic Games London 1948,HUN,10,5,13
Olympic Games London 1948,ITA,9,12,10
Olympic Games London 1948,TUR,6,4,2
Olympic Games London 1948,TCH,6,2,3
Olympic Games London 1948,SUI,5,12,6
Olympic Games London 1948,DEN,5,8,9
Olympic Games London 1948,NED,5,2,9
Olympic Games London 1948,GBR,4,16,7
Olympic Games London 1948,ARG,3,3,1
Olympic Games London 1948,AUS,2,6,5
Olympic Games London 1948,AUT,2,2,4
Olympic Games London 1948,BEL,2,2,3
Olympic Games London 1948,RSA,2,2,2
Olympic Games London 1948,EGY,2,2,1
Olympic Games London 1948,MEX,2,1,2
Olympic Games London 1948,NOR,1,3,3
Olympic Games London 1948,JAM,1,2,0
Olympic Games London 1948,POL,1,0,1
Olympic Games London 1948,IND,1,0,0
Olympic Games London 1948,PER,1,0,0
Olympic Games London 1948,CAN,0,2,2
Olympic Games London 1948,YUG,0,2,0
Olympic Games London 1948,POR,0,1,1
Olympic Games London 1948,URU,0,1,1
Olympic Games London 1948,SRI,0,1,0
Olympic Games London 1948,TTO,0,1,0
Olympic Games London 1948,ESP,0,1,0
Olympic Games London 1948,CUB,0,1,0
Olympic Games London 1948,PAN,0,0,2
Olympic Games London 1948,KOR,0,0,2
Olympic Games London 1948,IRL,0,0,1
Olympic Games London 1948,BRA,0,0,1
Olympic Games London 1948,IRI,0,0,1
Olympic Games London 1948,PUR,0,0,1
Olympic Winter Games St. Moritz 1948,NOR,4,3,3
Olympic Winter Games St. Moritz 1948,SWE,4,3,3
Olympic Winter Games St. Moritz 1948,SUI,3,4,3
Olympic Winter Games St. Moritz 1948,USA,3,4,2
Olympic Winter Games St. Moritz 1948,FRA,2,1,2
Olympic Winter Games St. Moritz 1948,CAN,2,0,1
Olympic Winter Games St. Moritz 1948,AUT,1,3,4
Olympic Winter Games St. Moritz 1948,FIN,1,3,2
Olympic Winter Games St. Moritz 1948,BEL,1,1,0
Olympic Winter Games St. Moritz 1948,ITA,1,0,0
Olympic Winter Games St. Moritz 1948,TCH,0,1,0
Olympic Winter Games St. Moritz 1948,HUN,0,1,0
Olympic Winter Games St. Moritz 1948,GBR,0,0,2
Olympic Games Berlin 1936,GER,38,31,32
Olympic Games Berlin 1936,USA,24,21,12
Olympic Games Berlin 1936,HUN,10,1,5
Olympic Games Berlin 1936,ITA,9,13,5
Olympic Games Berlin 1936,FIN,8,6,6
Olympic Games Berlin 1936,FRA,7,6,6
Olympic Games Berlin 1936,SWE,6,5,10
Olympic Games Berlin 1936,JPN,6,4,10
Olympic Games Berlin 1936,NED,6,4,7
Olympic Games Berlin 1936,AUT,5,7,5
Olympic Games Berlin 1936,SUI,4,9,5
Olympic Games Berlin 1936,GBR,4,7,3
Olympic Games Berlin 1936,TCH,3,5,1
Olympic Games Berlin 1936,ARG,2,2,3
Olympic Games Berlin 1936,EST,2,2,3
Olympic Games Berlin 1936,EGY,2,1,2
Olympic Games Berlin 1936,CAN,1,3,5
Olympic Games Berlin 1936,NOR,1,3,2
Olympic Games Berlin 1936,TUR,1,0,1
Olympic Games Berlin 1936,NZL,1,0,0
Olympic Games Berlin 1936,IND,1,0,0
Olympic Games Berlin 1936,POL,0,4,5
Olympic Games Berlin 1936,DEN,0,2,3
Olympic Games Berlin 1936,LAT,0,1,1
Olympic Games Berlin 1936,YUG,0,1,0
Olympic Games Berlin 1936,ROU,0,1,0
Olympic Games Berlin 1936,RSA,0,1,0
Olympic Games Berlin 1936,MEX,0,0,3
Olympic Games Berlin 1936,BEL,0,0,3
Olympic Games Berlin 1936,PHI,0,0,1
Olympic Games Berlin 1936,AUS,0,0,1
Olympic Games Berlin 1936,POR,0,0,1
Olympic Winter Games Garmisch-Partenkirchen 1936,NOR,7,5,3
Olympic Winter Games Garmisch-Partenkirchen 1936,GER,3,3,0
Olympic Winter Games Garmisch-Partenkirchen 1936,SWE,2,2,3
Olympic Winter Games Garmisch-Partenkirchen 1936,FIN,1,2,3
Olympic Winter Games Garmisch-Partenkirchen 1936,SUI,1,2,0
Olympic Winter Games Garmisch-Partenkirchen 1936,AUT,1,1,2
Olympic Winter Games Garmisch-Partenkirchen 1936,GBR,1,1,1
Olympic Winter Games Garmisch-Partenkirchen 1936,USA,1,0,3
Olympic Winter Games Garmisch-Partenkirchen 1936,CAN,0,1,0
Olympic Winter Games Garmisch-Partenkirchen 1936,FRA,0,0,1
Olympic Winter Games Garmisch-Partenkirchen 1936,HUN,0,0,1
Olympic Games Los Angeles 1932,USA,44,36,30
Olympic Games Los Angeles 1932,ITA,12,12,12
Olympic Games Los Angeles 1932,FRA,11,5,4
Olympic Games Los Angeles 1932,SWE,10,5,9
Olympic Games Los Angeles 1932,JPN,7,7,4
Olympic Games Los Angeles 1932,HUN,6,5,5
Olympic Games Los Angeles 1932,GER,5,12,7
Olympic Games Los Angeles 1932,FIN,5,8,12
Olympic Games Los Angeles 1932,GBR,5,7,5
Olympic Games Los Angeles 1932,POL,3,2,4
Olympic Games Los Angeles 1932,AUS,3,1,1
Olympic Games Los Angeles 1932,ARG,3,1,0
Olympic Games Los Angeles 1932,CAN,2,5,9
Olympic Games Los Angeles 1932,NED,2,5,1
Olympic Games Los Angeles 1932,RSA,2,0,3
Olympic Games Los Angeles 1932,IRL,2,0,0
Olympic Games Los Angeles 1932,TCH,1,3,2
Olympic Games Los Angeles 1932,AUT,1,1,3
Olympic Games Los Angeles 1932,IND,1,0,0
Olympic Games Los Angeles 1932,DEN,0,5,3
Olympic Games Los Angeles 1932,MEX,0,2,0
Olympic Games Los Angeles 1932,NZL,0,1,0
Olympic Games Los Angeles 1932,SUI,0,1,0
Olympic Games Los Angeles 1932,LAT,0,1,0
Olympic Games Los Angeles 1932,PHI,0,0,3
Olympic Games Los Angeles 1932,URU,0,0,1
Olympic Games Los Angeles 1932,BEL,0,0,1
Olympic Games Los Angeles 1932,ESP,0,0,1
Olympic Winter Games Lake Placid 1932,USA,6,4,2
Olympic Winter Games Lake Placid 1932,NOR,3,4,3
Olympic Winter Games Lake Placid 1932,SWE,1,2,0
Olympic Winter Games Lake Placid 1932,CAN,1,1,5
Olympic Winter Games Lake Placid 1932,FIN,1,1,1
Olympic Winter Games Lake Placid 1932,AUT,1,1,0
Olympic Winter Games Lake Placid 1932,FRA,1,0,0
Olympic Winter Games Lake Placid 1932,SUI,0,1,0
Olympic Winter Games Lake Placid 1932,GER,0,0,2
Olympic Winter Games Lake Placid 1932,HUN,0,0,1
Olympic Games Amsterdam 1928,USA,22,18,16
Olympic Games Amsterdam 1928,GER,11,9,19
Olympic Games Amsterdam 1928,NED,8,10,5
Olympic Games Amsterdam 1928,FIN,8,8,9
Olympic Games Amsterdam 1928,FRA,7,12,6
Olympic Games Amsterdam 1928,SWE,7,6,12
Olympic Games Amsterdam 1928,ITA,7,6,7
Olympic Games Amsterdam 1928,SUI,7,6,4
Olympic Games Amsterdam 1928,HUN,5,5,0
Olympic Games Amsterdam 1928,GBR,4,11,7
Olympic Games Amsterdam 1928,CAN,4,4,7
Olympic Games Amsterdam 1928,ARG,3,3,1
Olympic Games Amsterdam 1928,DEN,3,2,4
Olympic Games Amsterdam 1928,AUT,3,0,1
Olympic Games Amsterdam 1928,TCH,2,5,2
Olympic Games Amsterdam 1928,JPN,2,2,1
Olympic Games Amsterdam 1928,POL,2,1,4
Olympic Games Amsterdam 1928,EST,2,1,2
Olympic Games Amsterdam 1928,EGY,2,1,1
Olympic Games Amsterdam 1928,NOR,1,2,1
Olympic Games Amsterdam 1928,AUS,1,2,1
Olympic Games Amsterdam 1928,YUG,1,1,3
Olympic Games Amsterdam 1928,RSA,1,0,2
Olympic Games Amsterdam 1928,IND,1,0,0
Olympic Games Amsterdam 1928,LUX,1,0,0
Olympic Games Amsterdam 1928,NZL,1,0,0
Olympic Games Amsterdam 1928,URU,1,0,0
Olympic Games Amsterdam 1928,IRL,1,0,0
Olympic Games Amsterdam 1928,ESP,1,0,0
Olympic Games Amsterdam 1928,BEL,0,1,2
Olympic Games Amsterdam 1928,HAI,0,1,0
Olympic Games Amsterdam 1928,CHI,0,1,0
Olympic Games Amsterdam 1928,PHI,0,0,1
Olympic Games Amsterdam 1928,POR,0,0,1
Olympic Winter Games St. Moritz 1928,NOR,6,4,5
Olympic Winter Games St. Moritz 1928,USA,2,2,2
Olympic Winter Games St. Moritz 1928,SWE,2,2,1
Olympic Winter Games St. Moritz 1928,FIN,2,1,1
Olympic Winter Games St. Moritz 1928,CAN,1,0,0
Olympic Winter Games St. Moritz 1928,FRA,1,0,0
Olympic Winter Games St. Moritz 1928,AUT,0,3,1
Olympic Winter Games St. Moritz 1928,GBR,0,0,1
Olympic Winter Games St. Moritz 1928,SUI,0,0,1
Olympic Winter Games St. Moritz 1928,GER,0,0,1
Olympic Winter Games St. Moritz 1928,BEL,0,0,1
Olympic Winter Games St. Moritz 1928,TCH,0,0,1
Olympic Games Paris 1924,USA,45,27,27
Olympic Games Paris 1924,FRA,14,15,12
Olympic Games Paris 1924,FIN,14,13,10
Olympic Games Paris 1924,GBR,9,14,12
Olympic Games Paris 1924,ITA,8,3,5
Olympic Games Paris 1924,SUI,7,8,10
Olympic Games Paris 1924,NOR,5,2,3
Olympic Games Paris 1924,SWE,4,13,12
Olympic Games Paris 1924,NED,4,1,6
Olympic Games Paris 1924,BEL,3,7,3
Olympic Games Paris 1924,AUS,3,1,2
Olympic Games Paris 1924,DEN,2,6,3
Olympic Games Paris 1924,HUN,2,4,4
Olympic Games Paris 1924,YUG,2,0,0
Olympic Games Paris 1924,TCH,1,4,5
Olympic Games Paris 1924,ARG,1,3,2
Olympic Games Paris 1924,EST,1,1,4
Olympic Games Paris 1924,RSA,1,1,1
Olympic Games Paris 1924,LUX,1,1,0
Olympic Games Paris 1924,GRE,1,0,0
Olympic Games Paris 1924,URU,1,0,0
Olympic Games Paris 1924,CAN,0,3,1
Olympic Games Paris 1924,AUT,0,3,1
Olympic Games Paris 1924,POL,0,1,1
Olympic Games Paris 1924,IRL,0,1,1
Olympic Games Paris 1924,POR,0,0,1
Olympic Games Paris 1924,MON,0,0,1
Olympic Games Paris 1924,JPN,0,0,1
Olympic Games Paris 1924,ROU,0,0,1
Olympic Games Paris 1924,NZL,0,0,1
Olympic Games Paris 1924,HAI,0,0,1
Olympic Winter Games Chamonix 1924,NOR,4,7,6
Olympic Winter Games Chamonix 1924,FIN,4,4,3
Olympic Winter Games Chamonix 1924,AUT,2,1,0
Olympic Winter Games Chamonix 1924,SUI,2,0,1
Olympic Winter Games Chamonix 1924,USA,1,2,1
Olympic Winter Games Chamonix 1924,GBR,1,1,2
Olympic Winter Games Chamonix 1924,SWE,1,1,0
Olympic Winter Games Chamonix 1924,XXB,1,0,0
Olympic Winter Games Chamonix 1924,CAN,1,0,0
Olympic Winter Games Chamonix 1924,FRA,0,0,3
Olympic Winter Games Chamonix 1924,BEL,0,0,1
Olympic Games Antwerp 1920,USA,41,27,27
Olympic Games Antwerp 1920,SWE,19,20,25
Olympic Games Antwerp 1920,BEL,16,12,14
Olympic Games Antwerp 1920,FIN,15,10,9
Olympic Games Antwerp 1920,GBR,14,16,13
Olympic Games Antwerp 1920,ITA,14,6,5
Olympic Games Antwerp 1920,NOR,13,10,9
Olympic Games Antwerp 1920,FRA,9,20,13
Olympic Games Antwerp 1920,NED,4,2,5
Olympic Games Antwerp 1920,DEN,3,9,1
Olympic Games Antwerp 1920,RSA,3,4,3
Olympic Games Antwerp 1920,CAN,3,3,3
Olympic Games Antwerp 1920,SUI,2,2,7
Olympic Games Antwerp 1920,EST,1,2,0
Olympic Games Antwerp 1920,BRA,1,1,1
Olympic Games Antwerp 1920,AUS,0,2,1
Olympic Games Antwerp 1920,JPN,0,2,0
Olympic Games Antwerp 1920,ESP,0,2,0
Olympic Games Antwerp 1920,LUX,0,1,0
Olympic Games Antwerp 1920,GRE,0,1,0
Olympic Games Antwerp 1920,TCH,0,0,2
Olympic Games Antwerp 1920,NZL,0,0,1
Olympic Games Stockholm 1912,USA,26,19,19
Olympic Games Stockholm 1912,SWE,23,25,17
Olympic Games Stockholm 1912,GBR,10,15,16
Olympic Games Stockholm 1912,FIN,9,8,9
Olympic Games Stockholm 1912,FRA,7,5,3
Olympic Games Stockholm 1912,GER,6,13,7
Olympic Games Stockholm 1912,ITA,5,1,2
Olympic Games Stockholm 1912,RSA,4,2,0
Olympic Games Stockholm 1912,NOR,3,2,5
Olympic Games Stockholm 1912,CAN,3,2,3
Olympic Games Stockholm 1912,HUN,3,2,3
Olympic Games Stockholm 1912,AUS,2,2,3
Olympic Games Stockholm 1912,BEL,2,1,3
Olympic Games Stockholm 1912,DEN,1,6,5
Olympic Games Stockholm 1912,GRE,1,0,1
Olympic Games Stockholm 1912,SUI,1,0,0
Olympic Games Stockholm 1912,RUS,0,2,3
Olympic Games Stockholm 1912,AUT,0,2,2
Olympic Games Stockholm 1912,NED,0,0,3
Olympic Games London 1908,GBR,56,51,39
Olympic Games London 1908,USA,23,12,12
Olympic Games London 1908,SWE,8,6,11
Olympic Games London 1908,FRA,5,5,9
Olympic Games London 1908,GER,3,5,5
Olympic Games London 1908,HUN,3,4,2
Olympic Games London 1908,CAN,3,3,10
Olympic Games London 1908,NOR,2,3,3
Olympic Games London 1908,ITA,2,2,0
Olympic Games London 1908,BEL,1,5,2
Olympic Games London 1908,AUS,1,2,2
Olympic Games London 1908,RUS,1,2,0
Olympic Games London 1908,FIN,1,1,3
Olympic Games London 1908,RSA,1,1,0
Olympic Games London 1908,GRE,0,3,1
Olympic Games London 1908,DEN,0,2,3
Olympic Games London 1908,NED,0,0,2
Olympic Games London 1908,CZE,0,0,2
Olympic Games London 1908,AUT,0,0,1
Olympic Games Athens 1896,USA,11,7,2
Olympic Games Athens 1896,GRE,10,18,19
Olympic Games Athens 1896,GER,6,5,2
Olympic Games Athens 1896,FRA,5,4,2
Olympic Games Athens 1896,GBR,2,3,2
Olympic Games Athens 1896,HUN,2,1,3
Olympic Games Athens 1896,AUT,2,1,2
Olympic Games Athens 1896,AUS,2,0,0
Olympic Games Athens 1896,DEN,1,2,3
Olympic Games Athens 1896,SUI,1,2,0
Olympic Games Athens 1896,XXB,1,0,1
Olympic Games Paris 2024,USA,40,44,42
Olympic Games Paris 2024,CHN,40,27,24
Olympic Games Paris 2024,JPN,20,12,13
Olympic Games Paris 2024,AUS,18,19,16
Olympic Games Paris 2024,FRA,16,26,22
Olympic Games Paris 2024,NED,15,7,12
Olympic Games Paris 2024,GBR,14,22,29
Olympic Games Paris 2024,KOR,13,9,10
Olympic Games Paris 2024,ITA,12,13,15
Olympic Games Paris 2024,GER,12,13,8
Olympic Games Paris 2024,NZL,10,7,3
Olympic Games Paris 2024,CAN,9,7,11
Olympic Games Paris 2024,UZB,8,2,3
Olympic Games Paris 2024,HUN,6,7,6
Olympic Games Paris 2024,ESP,5,4,9
Olympic Games Paris 2024,SWE,4,4,3
Olympic Games Paris 2024,KEN,4,2,5
Olympic Games Paris 2024,NOR,4,1,3
Olympic Games Paris 2024,IRL,4,0,3
Olympic Games Paris 2024,BRA,3,7,10
Olympic Games Paris 2024,IRI,3,6,3
Olympic Games Paris 2024,UKR,3,5,4
Olympic Games Paris 2024,ROU,3,4,2
Olympic Games Paris 2024,GEO,3,3,1
Olympic Games Paris 2024,BEL,3,1,6
Olympic Games Paris 2024,BUL,3,1,3
Olympic Games Paris 2024,SRB,3,1,1
Olympic Games Paris 2024,CZE,3,0,2
Olympic Games Paris 2024,DEN,2,2,5
Olympic Games Paris 2024,AZE,2,2,3
Olympic Games Paris 2024,CRO,2,2,3
Olympic Games Paris 2024,CUB,2,1,6
Olympic Games Paris 2024,BRN,2,1,1
Olympic Games Paris 2024,SLO,2,1,0
Olympic Games Paris 2024,TPE,2,0,5
Olympic Games Paris 2024,AUT,2,0,3
Olympic Games Paris 2024,HKG,2,0,2
Olympic Games Paris 2024,PHI,2,0,2
Olympic Games Paris 2024,ALG,2,0,1
Olympic Games Paris 2024,INA,2,0,1
Olympic Games Paris 2024,ISR,1,5,1
Olympic Games Paris 2024,POL,1,4,5
Olympic Games Paris 2024,KAZ,1,3,3
Olympic Games Paris 2024,JAM,1,3,2
Olympic Games Paris 2024,RSA,1,3,2
Olympic Games Paris 2024,THA,1,3,2
Olympic Games Paris 2024,ETH,1,3,0
Olympic Games Paris 2024,SUI,1,2,5
Olympic Games Paris 2024,ECU,1,2,2
Olympic Games Paris 2024,POR,1,2,1
Olympic Games Paris 2024,GRE,1,1,6
Olympic Games Paris 2024,ARG,1,1,1
Olympic Games Paris 2024,EGY,1,1,1
Olympic Games Paris 2024,TUN,1,1,1
Olympic Games Paris 2024,BOT,1,1,0
Olympic Games Paris 2024,CHI,1,1,0
Olympic Games Paris 2024,LCA,1,1,0
Olympic Games Paris 2024,UGA,1,1,0
Olympic Games Paris 2024,DOM,1,0,2
Olympic Games Paris 2024,GUA,1,0,1
Olympic Games Paris 2024,MAR,1,0,1
Olympic Games Paris 2024,DMA,1,0,0
Olympic Games Paris 2024,PAK,1,0,0
Olympic Games Paris 2024,TUR,0,3,5
Olympic Games Paris 2024,MEX,0,3,2
Olympic Games Paris 2024,ARM,0,3,1
Olympic Games Paris 2024,COL,0,3,1
Olympic Games Paris 2024,KGZ,0,2,4
Olympic Games Paris 2024,PRK,0,2,4
Olympic Games Paris 2024,LTU,0,2,2
Olympic Games Paris 2024,IND,0,1,5
Olympic Games Paris 2024,MDA,0,1,3
Olympic Games Paris 2024,KOS,0,1,1
Olympic Games Paris 2024,CYP,0,1,0
Olympic Games Paris 2024,FIJ,0,1,0
Olympic Games Paris 2024,JOR,0,1,0
Olympic Games Paris 2024,MGL,0,1,0
Olympic Games Paris 2024,PAN,0,1,0
Olympic Games Paris 2024,TJK,0,0,3
Olympic Games Paris 2024,ALB,0,0,2
Olympic Games Paris 2024,GRN,0,0,2
Olympic Games Paris 2024,MAS,0,0,2
Olympic Games Paris 2024,PUR,0,0,2
Olympic Games Paris 2024,CIV,0,0,1
Olympic Games Paris 2024,CPV,0,0,1
Olympic Games Paris 2024,EOR,0,0,1
Olympic Games Paris 2024,PER,0,0,1
Olympic Games Paris 2024,QAT,0,0,1
Olympic Games Paris 2024,SGP,0,0,1
Olympic Games Paris 2024,SVK,0,0,1
Olympic Games Paris 2024,ZAM,0,0,1
Olympic Games Paris 1900,FRA,26,41,34
Olympic Games Paris 1900,USA,19,14,14
Olympic Games Paris 1900,GBR,15,6,9
Olympic Games Paris 1900,XXB,6,3,3
Olympic Games Paris 1900,SUI,6,2,1
Olympic Games Paris 1900,BEL,5,5,5
Olympic Games Paris 1900,GER,4,2,2
Olympic Games Paris 1900,ITA,2,2,0
Olympic Games Paris 1900,AUS,2,0,3
Olympic Games Paris 1900,DEN,1,3,2
Olympic Games Paris 1900,HUN,1,2,2
Olympic Games Paris 1900,CUB,1,1,0
Olympic Games Paris 1900,CAN,1,0,1
Olympic Games Paris 1900,ESP,1,0,0
Olympic Games Paris 1900,AUT,0,3,3
Olympic Games Paris 1900,NOR,0,2,3
Olympic Games Paris 1900,IND,0,2,0
Olympic Games Paris 1900,NED,0,1,3
Olympic Games Paris 1900,BOH,0,1,1
Olympic Games Paris 1900,MEX,0,0,1
Olympic Games Paris 1900,SWE,0,0,1
Olympic Games St. Louis 1904,USA,73,83,80
Olympic Games St. Louis 1904,GER,4,4,5
Olympic Games St. Louis 1904,CAN,4,1,1
Olympic Games St. Louis 1904,CUB,3,0,0
Olympic Games St. Louis 1904,HUN,2,1,1
Olympic Games St. Louis 1904,GBR,1,1,0
Olympic Games St. Louis 1904,XXB,1,1,0
Olympic Games St. Louis 1904,GRE,1,0,1
Olympic Games St. Louis 1904,SUI,1,0,1
Olympic Games St. Louis 1904,AUT,0,0,1
milano-cortina-2026,NOR,18,12,11
milano-cortina-2026,USA,12,12,9
milano-cortina-2026,NED,10,7,3
milano-cortina-2026,ITA,10,6,14
milano-cortina-2026,GER,8,10,8
milano-cortina-2026,FRA,8,9,6
milano-cortina-2026,SWE,8,6,4
milano-cortina-2026,SUI,6,9,8
milano-cortina-2026,AUT,5,8,5
milano-cortina-2026,JPN,5,7,12
milano-cortina-2026,CAN,5,7,9
milano-cortina-2026,CHN,5,4,6
milano-cortina-2026,KOR,3,4,3
milano-cortina-2026,AUS,3,2,1
milano-cortina-2026,GBR,3,1,1
milano-cortina-2026,CZE,2,2,1
milano-cortina-2026,SLO,2,1,1
milano-cortina-2026,ESP,1,0,2
milano-cortina-2026,BRA,1,0,0
milano-cortina-2026,KAZ,1,0,0
milano-cortina-2026,POL,0,3,1
milano-cortina-2026,NZL,0,2,1
milano-cortina-2026,FIN,0,1,5
milano-cortina-2026,LAT,0,1,1
milano-cortina-2026,DEN,0,1,0
milano-cortina-2026,EST,0,1,0
milano-cortina-2026,GEO,0,1,0
milano-cortina-2026,BUL,0,0,2
milano-cortina-2026,BEL,0,0,1
